rank,feature,importance
1,home_pitcher_wpa_def_mean,0.0072883800554148295
2,home_team_spread_mean,0.00712879879612706
3,away_team_spread_mean,0.0070527062270377226
4,away_pitching_SO_batters_faced_10RA,0.006984310476829859
5,away_team_wins_skew,0.0068533205890006
6,away_pitcher_SO_batters_faced_10RA,0.006836628092724869
7,away_pitcher_SO_batters_faced_mean,0.006765952227297229
8,away_pitcher_BB_batters_faced_skew,0.0067564948658058585
9,home_batting_wpa_bat_mean,0.006754152657670697
10,away_batting_onbase_perc_mean,0.006723861486260685
11,away_pitching_SO_batters_faced_mean,0.00671660632174432
12,away_pitcher_H_batters_faced_skew,0.0066800960027456145
13,home_pitcher_wpa_def_skew,0.00664560737464316
14,home_pitcher_BB_batters_faced_skew,0.006641742495464529
15,home_batting_onbase_plus_slugging_skew,0.006636766783703591
16,home_batting_onbase_plus_slugging_mean,0.006632888084855686
17,home_pitching_SO_batters_faced_10RA,0.0066273901149938065
18,away_pitcher_wpa_def_mean,0.006572644144775565
19,home_pitcher_SO_batters_faced_skew,0.006571747065318859
20,away_batting_RBI_mean,0.00654420262734857
21,away_batting_wpa_bat_skew,0.006529800284857463
22,home_pitching_wpa_def_mean,0.006521292932601126
23,home_batting_batting_avg_skew,0.006519683851840937
24,away_pitching_earned_run_avg_10RA,0.0065160355258374525
25,home_pitcher_BB_batters_faced_std,0.006515347389136096
26,home_batting_onbase_perc_10RA,0.006512816989037185
27,home_pitcher_H_batters_faced_10RA,0.006512080702036159
28,home_pitcher_earned_run_avg_std,0.00651034384228244
29,away_pitching_BB_batters_faced_mean,0.006504470912365683
30,away_pitching_wpa_def_skew,0.006498351178460501
31,away_pitching_earned_run_avg_mean,0.006490987758972217
32,home_pitching_H_batters_faced_skew,0.006464567136554999
33,home_pitcher_SO_batters_faced_10RA,0.006458238923350199
34,home_batting_onbase_perc_mean,0.006454756338148505
35,home_pitcher_earned_run_avg_10RA,0.006446093340920436
36,home_pitcher_leverage_index_avg_skew,0.006445925953761279
37,away_pitcher_wpa_def_skew,0.006441747752605302
38,away_pitching_BB_batters_faced_skew,0.006428109634201222
39,home_pitching_H_batters_faced_10RA,0.006426685571679782
40,away_batting_onbase_plus_slugging_skew,0.006424205757930075
41,home_pitching_H_batters_faced_mean,0.006423465328165388
42,home_pitcher_earned_run_avg_mean,0.00642342546250075
43,home_pitcher_SO_batters_faced_mean,0.006415352918407794
44,home_pitching_SO_batters_faced_skew,0.006414304364135522
45,home_pitching_SO_batters_faced_mean,0.006399758103085388
46,away_pitching_BB_batters_faced_10RA,0.006392656822824039
47,home_pitcher_H_batters_faced_std,0.006360601781766737
48,away_pitching_wpa_def_mean,0.00636030638214944
49,away_pitcher_leverage_index_avg_skew,0.006346271428469872
50,home_pitcher_BB_batters_faced_10RA,0.006331100714500284
51,away_pitching_H_batters_faced_std,0.006319366339322534
52,home_pitcher_leverage_index_avg_mean,0.00631259715560898
53,home_batting_onbase_plus_slugging_std,0.006301628427886443
54,home_pitching_BB_batters_faced_10RA,0.006300565095376182
55,home_team_wins_mean,0.006300217307381699
56,away_batting_leverage_index_avg_std,0.006296731169218392
57,away_team_wins_mean,0.006287599379481442
58,home_pitching_earned_run_avg_mean,0.006274650970308609
59,home_pitching_SO_batters_faced_std,0.006274007510579911
60,home_pitcher_earned_run_avg_skew,0.006270857008123791
61,away_pitching_earned_run_avg_skew,0.00626044015186907
62,away_pitching_H_batters_faced_skew,0.0062568909401774665
63,away_batting_RBI_std,0.006251951359389409
64,home_batting_wpa_bat_std,0.006250914710921298
65,home_pitcher_leverage_index_avg_std,0.006250410968464853
66,home_batting_leverage_index_avg_skew,0.0062433089471787525
67,away_pitcher_wpa_def_std,0.006242055866152447
68,away_team_errors_skew,0.006237185876149663
69,away_batting_wpa_bat_mean,0.006236087946072365
70,home_team_wins_skew,0.006232044721018337
71,home_batting_RBI_skew,0.006227030496565812
72,away_pitcher_SO_batters_faced_skew,0.0062155652885206355
73,away_team_errors_mean,0.006212108440148375
74,home_batting_onbase_perc_std,0.006207394714113455
75,home_pitcher_SO_batters_faced_std,0.006207359139712076
76,home_batting_onbase_plus_slugging_10RA,0.006206276954931631
77,away_pitching_leverage_index_avg_skew,0.006202916698658361
78,home_batting_RBI_std,0.006200855079634436
79,away_team_errors_std,0.006195905122318712
80,home_batting_RBI_mean,0.006183597415842171
81,away_pitcher_BB_batters_faced_std,0.006181719819230239
82,away_pitcher_BB_batters_faced_10RA,0.0061811382080637
83,home_pitching_wpa_def_skew,0.00617403829808321
84,away_pitching_BB_batters_faced_std,0.0061723125300726
85,away_pitcher_H_batters_faced_std,0.0061603051524183
86,away_pitcher_leverage_index_avg_std,0.0061558242294140275
87,home_pitching_earned_run_avg_10RA,0.00614845630971483
88,home_batting_leverage_index_avg_10RA,0.006145093945154861
89,away_batting_leverage_index_avg_mean,0.006144075727355362
90,away_batting_onbase_perc_10RA,0.006139482526123298
91,home_pitching_BB_batters_faced_skew,0.006134671554003582
92,away_pitcher_BB_batters_faced_mean,0.006126774215316595
93,home_pitching_BB_batters_faced_mean,0.006123351783066986
94,away_pitching_H_batters_faced_10RA,0.00611110534581772
95,away_batting_onbase_perc_std,0.006103586211626912
96,away_pitcher_earned_run_avg_10RA,0.006100755533366864
97,away_pitcher_leverage_index_avg_mean,0.006097507877978088
98,home_pitcher_BB_batters_faced_mean,0.00609455928619073
99,away_pitcher_earned_run_avg_mean,0.006083965240947096
100,away_pitcher_earned_run_avg_std,0.006082675021239197
101,away_batting_onbase_plus_slugging_mean,0.006071466451636574
102,home_pitcher_H_batters_faced_mean,0.006066983964958809
103,home_pitcher_H_batters_faced_skew,0.00606619212582628
104,away_batting_wpa_bat_std,0.006064385205824981
105,away_pitching_leverage_index_avg_mean,0.006062917869545631
106,home_pitching_earned_run_avg_skew,0.00605215842434605
107,home_batting_leverage_index_avg_mean,0.006052130773635891
108,away_batting_leverage_index_avg_10RA,0.006029238677026399
109,away_batting_onbase_plus_slugging_10RA,0.006020865408231109
110,home_pitching_earned_run_avg_std,0.006019737189207382
111,away_pitcher_H_batters_faced_10RA,0.006017422898540621
112,away_pitcher_earned_run_avg_skew,0.005989323302402011
113,home_pitching_H_batters_faced_std,0.005986873938119708
114,away_pitcher_H_batters_faced_mean,0.005981925255726212
115,away_pitching_leverage_index_avg_std,0.005974866048059584
116,home_team_errors_skew,0.005971092359324488
117,home_pitching_leverage_index_avg_std,0.005966371888651017
118,home_batting_onbase_perc_skew,0.0059604031324722116
119,home_batting_leverage_index_avg_std,0.005959619172385593
120,home_batting_wpa_bat_skew,0.005957760770437465
121,away_batting_onbase_plus_slugging_std,0.005947059221754836
122,away_batting_batting_avg_std,0.005942404494138553
123,away_pitching_SO_batters_faced_skew,0.005936527336068984
124,away_pitching_H_batters_faced_mean,0.005927445822884463
125,away_batting_batting_avg_mean,0.005925610024019349
126,away_pitcher_SO_batters_faced_std,0.0059111767194222065
127,away_pitching_wpa_def_std,0.005910519711718708
128,away_pitching_earned_run_avg_std,0.005908848904292254
129,home_pitching_leverage_index_avg_mean,0.005904541852536631
130,home_pitching_BB_batters_faced_std,0.005873442834428837
131,away_pitching_SO_batters_faced_std,0.0058724998204598144
132,away_team_spread_skew,0.005871659842366639
133,home_batting_batting_avg_std,0.005855691946161896
134,home_pitcher_wpa_def_std,0.005838520062996511
135,away_batting_leverage_index_avg_skew,0.005833091582979725
136,away_team_spread_std,0.00583274281823032
137,away_batting_batting_avg_skew,0.0058282944988163055
138,home_team_spread_std,0.005823173602664869
139,home_batting_batting_avg_mean,0.00581156461990053
140,home_pitching_wpa_def_std,0.005799199857671557
141,home_team_spread_skew,0.0057968845922797265
142,home_team_errors_std,0.005777845452524632
143,away_batting_onbase_perc_skew,0.005774447077332509
144,home_pitching_leverage_index_avg_skew,0.00575702141835653
145,home_batting_batting_avg_10RA,0.005698380936044367
146,home_team_wins_std,0.005688503933350259
147,away_batting_batting_avg_10RA,0.005680721240443798
148,away_batting_RBI_skew,0.005669449337392548
149,home_batting_RBI_10RA,0.005619877999966282
150,away_team_wins_std,0.005563160093681027
151,home_team_errors_mean,0.0055362664658524605
152,away_batting_RBI_10RA,0.0054082406659550246
153,season,0.0026326642590009173
154,away_pitcher_rest,0.0026166793212361273
155,home_pitcher_rest,0.002386737142277533
156,away_team_rest,0.0010672440066796748
157,home_team_rest,0.00105504693380765
158,is_night_game,0.0010055622964168973
159,away_team_abbr_HXK,0.000465440882709958
160,home_team_abbr_GKO,0.00036492649346985033
161,home_team_abbr_JBM,0.00036428393131166117
162,home_team_abbr_SAJ,0.0003612296298385389
163,home_team_abbr_KFH,0.00034928381796392336
164,home_team_abbr_JEM,0.0003427484859938928
165,away_team_abbr_RAV,0.00034073496689402213
166,away_team_abbr_JBM,0.0003372119262261729
167,away_team_abbr_RKN,0.00033256709417549073
168,away_team_abbr_QDH,0.0003288139662223669
169,away_team_abbr_QPO,0.00032208632401362145
170,away_team_abbr_MOO,0.000318438439375026
171,away_team_abbr_GUT,0.0003137958063602033
172,home_team_abbr_KJP,0.00031367970195074783
173,away_team_abbr_JEM,0.0003036649529231607
174,home_team_abbr_VQC,0.00030128828180710584
175,home_team_abbr_HXK,0.00029808088874283285
176,away_team_abbr_KJP,0.0002970756354796945
177,away_team_abbr_PDF,0.0002956504738245472
178,home_team_abbr_QDH,0.0002955953883331524
179,away_team_abbr_DPS,0.0002888021943043596
180,away_team_abbr_STC,0.00028843871622270687
181,away_team_abbr_UPV,0.00028421067665667467
182,away_team_abbr_RLJ,0.0002833531626259305
183,home_team_abbr_PDF,0.0002821484914274726
184,away_team_abbr_BPH,0.00028206681589647384
185,away_team_abbr_VJV,0.0002809178317705853
186,home_team_abbr_YHA,0.0002777985873112838
187,away_team_abbr_GLO,0.00027674603667897574
188,home_team_abbr_PJT,0.00027628836639816124
189,home_team_abbr_STC,0.00027575184987712324
190,home_team_abbr_MZG,0.000271862939480994
191,away_team_abbr_YHA,0.00026885471691348296
192,home_team_abbr_QPO,0.00026780521222732054
193,home_team_abbr_UPV,0.0002668684539146513
194,away_team_abbr_SAJ,0.000266713291918129
195,home_team_abbr_GLO,0.0002666426272292324
196,home_team_abbr_DPS,0.0002661579955582528
197,home_team_abbr_RKN,0.0002638523987241766
198,away_team_abbr_FBW,0.00026021257226869154
199,away_team_abbr_ZQF,0.0002559077121681118
200,home_team_abbr_BPH,0.0002552332968013708
201,away_team_abbr_XFB,0.00025429696758722713
202,home_team_abbr_RAV,0.00025408635681361576
203,home_team_abbr_XFB,0.0002500936668050711
204,home_team_abbr_GUT,0.0002482592846683744
205,away_team_abbr_MZG,0.00024690730920701913
206,home_team_abbr_VJV,0.0002464605575672905
207,away_team_abbr_ECN,0.00024084290476661195
208,home_team_abbr_ZQF,0.00023731952251679225
209,home_team_abbr_FBW,0.0002360787241867206
210,home_team_abbr_RLJ,0.00023528186329897414
211,away_team_abbr_GKO,0.00023325341497259177
212,home_team_abbr_HAN,0.0002301346720171507
213,away_team_abbr_VQC,0.00022806247825267475
214,away_team_abbr_KFH,0.0002274417769372888
215,away_team_abbr_HAN,0.00022199869612666586
216,home_team_abbr_ECN,0.0002164130577464983
217,home_team_abbr_MOO,0.00020462135190837217
218,away_team_abbr_PJT,0.00019223074446804133
219,home_pitcher_mazurad01,0.00012553694127970664
220,away_pitcher_livelbe01,0.00012115090269942235
221,home_pitcher_walstbl01,0.0001210438392553316
222,away_pitcher_phillty01,0.0001198267744383468
223,away_pitcher_hanifbr01,0.00011436066116643488
224,home_pitcher_hoeinbr01,0.00011145398182160703
225,away_pitcher_kerrra01,0.00011028361221786068
226,away_pitcher_johnser04,0.0001092701313471865
227,home_pitcher_adamsau02,0.00010831878789053046
228,home_pitcher_iveyty01,0.00010348246855601755
229,home_pitcher_campbpa02,0.00010342683647666668
230,home_pitcher_kerrra01,0.00010203380486589487
231,away_pitcher_howarsa01,0.00010198973156747858
232,away_pitcher_arihako01,0.00010129960583029432
233,away_pitcher_nicolju01,9.91925550261008e-05
234,away_pitcher_bibenau01,9.895927610660667e-05
235,away_pitcher_battepe01,9.8772530100466e-05
236,away_pitcher_scholje01,9.839407655777744e-05
237,away_pitcher_adamsau02,9.817967169308673e-05
238,away_pitcher_wrighda04,9.676580744175617e-05
239,home_pitcher_battepe01,9.661961567680972e-05
240,home_pitcher_couloda01,9.615795918701959e-05
241,away_pitcher_carraca01,9.235031115963054e-05
242,home_pitcher_scottch01,9.200225072921708e-05
243,home_pitcher_brighje01,9.180107423956884e-05
244,home_pitcher_wainwad01,9.111189529131044e-05
245,away_pitcher_anderta01,9.09959289887109e-05
246,away_pitcher_diazjh01,9.096390266403815e-05
247,home_pitcher_montera01,9.067896070689541e-05
248,home_pitcher_carraca01,9.036945718027403e-05
249,away_pitcher_hendrky01,8.768789949316345e-05
250,home_pitcher_phillty01,8.739137446022704e-05
251,home_pitcher_oswalco01,8.670420242408481e-05
252,home_pitcher_hatchto01,8.627428754541139e-05
253,home_pitcher_hanifbr01,8.488596981901691e-05
254,away_pitcher_merriry01,8.358865815175007e-05
255,away_pitcher_iveyty01,8.35671222375206e-05
256,home_pitcher_leonedo01,8.280633439332989e-05
257,away_pitcher_corbipa01,8.24869522574929e-05
258,home_pitcher_antonte01,8.228124845963113e-05
259,away_pitcher_campbpa02,8.181739057287925e-05
260,home_pitcher_widenta01,8.170580399163992e-05
261,away_pitcher_briesbe01,8.161642521715993e-05
262,away_pitcher_garcilu05,8.14165253153896e-05
263,away_pitcher_shephch01,8.115776422106905e-05
264,away_pitcher_dunnju01,8.093220597882676e-05
265,home_pitcher_becktr01,8.043493161751873e-05
266,away_pitcher_zeuchtj01,8.02718192285013e-05
267,home_pitcher_wrighmi01,7.783944201381038e-05
268,away_pitcher_rodriya01,7.77217459542116e-05
269,home_pitcher_neideni01,7.751951725756088e-05
270,home_pitcher_cottojh01,7.69637938744621e-05
271,away_pitcher_adamsch01,7.678351481567539e-05
272,away_pitcher_biagijo01,7.674184303194586e-05
273,home_pitcher_johnser04,7.632045935398539e-05
274,home_pitcher_anderta01,7.621245323978623e-05
275,home_pitcher_danieda01,7.616659109363362e-05
276,away_pitcher_garream01,7.567516333401139e-05
277,away_pitcher_liriafr01,7.52654467621251e-05
278,home_pitcher_liriafr01,7.4826831253048e-05
279,home_pitcher_garcilu05,7.427045849100659e-05
280,away_pitcher_willitr01,7.397208799934687e-05
281,home_pitcher_nealza01,7.388674896725936e-05
282,home_pitcher_suarean01,7.313368320847778e-05
283,away_pitcher_gonzagi01,7.306787023264111e-05
284,home_pitcher_raganco01,7.298466820599214e-05
285,home_pitcher_biagijo01,7.276806171741885e-05
286,away_pitcher_hoeinbr01,7.248846213936064e-05
287,away_pitcher_anderco01,7.23871005603272e-05
288,away_pitcher_hernafe02,7.225226537485215e-05
289,home_pitcher_garream01,7.12585858187259e-05
290,home_pitcher_smithaj01,7.097583698662938e-05
291,away_pitcher_mazurad01,7.089684065210237e-05
292,away_pitcher_diazda01,7.05343125784449e-05
293,home_pitcher_briesbe01,7.005538514556367e-05
294,home_pitcher_anderco01,6.990295734194863e-05
295,away_pitcher_hatchto01,6.960650916028732e-05
296,away_pitcher_detmere01,6.959214052301837e-05
297,away_pitcher_walstbl01,6.948302387523859e-05
298,home_pitcher_stammcr01,6.946668083566263e-05
299,home_pitcher_livelbe01,6.932432850500597e-05
300,home_pitcher_dunnju01,6.928246865157774e-05
301,away_pitcher_honeybr01,6.927453625587201e-05
302,away_pitcher_garzama01,6.895676026675279e-05
303,away_pitcher_bolanro01,6.879710862550079e-05
304,home_pitcher_bassich01,6.8790583232455e-05
305,home_pitcher_sadleca02,6.85808003492841e-05
306,away_pitcher_danieda01,6.843530374534721e-05
307,home_pitcher_robleha01,6.841672147524202e-05
308,away_pitcher_scottch01,6.841146291096299e-05
309,away_pitcher_civalaa01,6.837331200845124e-05
310,away_pitcher_bellch02,6.821454432835125e-05
311,away_pitcher_rucindr01,6.788342688531715e-05
312,away_pitcher_winanal01,6.780362896556447e-05
313,away_pitcher_rutleja01,6.774992155272434e-05
314,away_pitcher_suarean01,6.704888580867679e-05
315,home_pitcher_johnsji04,6.693925663061651e-05
316,away_pitcher_smithaj01,6.49358504748851e-05
317,away_pitcher_kaprija01,6.402711376273632e-05
318,home_pitcher_detmere01,6.385672035262578e-05
319,home_pitcher_zeuchtj01,6.332238337968827e-05
320,away_pitcher_brubajt01,6.314872941776175e-05
321,away_pitcher_jeffrje01,6.230798799406431e-05
322,home_pitcher_cobbal01,6.208799956873696e-05
323,home_pitcher_kaprija01,6.187156795748123e-05
324,home_pitcher_jeffeda01,6.153645965743276e-05
325,home_pitcher_bellch02,6.148448775617164e-05
326,home_pitcher_parkebl01,6.137804743739113e-05
327,away_pitcher_effrosc01,6.0930782425517044e-05
328,away_pitcher_quintjo01,6.085022308636126e-05
329,home_pitcher_suarejo01,6.070435880812563e-05
330,home_pitcher_stanery01,6.06565136341726e-05
331,home_pitcher_alvarjo02,5.9973125261180494e-05
332,away_pitcher_neideni01,5.9861013756076365e-05
333,home_pitcher_diazjh01,5.977346286104981e-05
334,away_pitcher_middlke01,5.9722147251189e-05
335,away_pitcher_jeffeda01,5.964660379097572e-05
336,home_pitcher_middlke01,5.9643511159881734e-05
337,away_pitcher_sadleca02,5.9596715122845594e-05
338,home_pitcher_quintjo01,5.954492620272789e-05
339,home_pitcher_taillja01,5.942477697330353e-05
340,away_pitcher_willibr02,5.926049912477624e-05
341,away_pitcher_leakemi01,5.923512859118312e-05
342,away_pitcher_swarmma01,5.899757919615643e-05
343,home_pitcher_arihako01,5.8510220624217545e-05
344,home_pitcher_hendrky01,5.848213752306705e-05
345,home_pitcher_bibenau01,5.774154263919013e-05
346,home_pitcher_waldike01,5.762064525281324e-05
347,home_pitcher_winanal01,5.72300733044718e-05
348,home_pitcher_cuevawi01,5.711459435266697e-05
349,home_pitcher_duplajo01,5.69632698361079e-05
350,home_pitcher_shephch01,5.620793180889795e-05
351,home_pitcher_castehu01,5.5707255151115256e-05
352,home_pitcher_kintzbr01,5.5633070125873174e-05
353,home_pitcher_rodrich01,5.544031996250842e-05
354,home_pitcher_schrejo01,5.510520107587357e-05
355,home_pitcher_felizmi01,5.50540739407818e-05
356,home_pitcher_lodolni01,5.480060916263111e-05
357,away_pitcher_grayjo02,5.4484530176693104e-05
358,home_pitcher_wrighda04,5.426620000717338e-05
359,away_pitcher_dicker.01,5.426010677538387e-05
360,away_pitcher_faedoal01,5.4117552729956555e-05
361,away_pitcher_parkebl01,5.378794629482309e-05
362,home_pitcher_dicker.01,5.371853271888503e-05
363,home_pitcher_effrosc01,5.3710129723592815e-05
364,away_pitcher_castehu01,5.349751699942126e-05
365,home_pitcher_rucindr01,5.335863483485356e-05
366,away_pitcher_moyaga01,5.328247707829064e-05
367,away_pitcher_kellemi03,5.3133785764051306e-05
368,away_pitcher_bassich01,5.2808203040613104e-05
369,away_pitcher_widenta01,5.2634863348334966e-05
370,home_pitcher_buehlwa01,5.246036083384209e-05
371,away_pitcher_felizmi01,5.2101033755480136e-05
372,away_pitcher_bernabr01,5.1925798568597284e-05
373,away_pitcher_hentgsa01,5.185115473682277e-05
374,away_pitcher_schulja02,5.1807655910744874e-05
375,away_pitcher_johnsji04,5.177126891591958e-05
376,home_pitcher_williga01,5.161800251456124e-05
377,away_pitcher_hollojo01,5.1442343886769084e-05
378,home_pitcher_hergeji01,5.1264912749181476e-05
379,away_pitcher_kendrky01,5.116730027444317e-05
380,home_pitcher_adamsch01,5.0901987488488637e-05
381,home_pitcher_rutleja01,5.0635672908694856e-05
382,home_pitcher_kiliaca01,5.05890540092891e-05
383,home_pitcher_wilsost02,5.045048508836934e-05
384,away_pitcher_suarejo01,5.04226556553645e-05
385,away_pitcher_wingetr01,5.0358978229094037e-05
386,away_pitcher_cravyty01,5.0268847409227574e-05
387,home_pitcher_maldoan01,4.998557847033176e-05
388,away_pitcher_couloda01,4.994738496663917e-05
389,home_pitcher_scholje01,4.982644336849211e-05
390,home_pitcher_henryto01,4.976419208806901e-05
391,away_pitcher_carasma01,4.9664039448807276e-05
392,away_pitcher_wilkad01,4.888304945512326e-05
393,away_pitcher_lewisco01,4.8881861907383954e-05
394,home_pitcher_woodtr01,4.8653778911727255e-05
395,home_pitcher_triggan01,4.852597121209016e-05
396,home_pitcher_reaco01,4.8347509295272394e-05
397,home_pitcher_willitr01,4.829858287607859e-05
398,away_pitcher_norrida01,4.803198553057146e-05
399,home_pitcher_howarsa01,4.789296971960257e-05
400,home_pitcher_skogler01,4.7510151797845294e-05
401,away_pitcher_conlopj01,4.749568295753123e-05
402,away_pitcher_rodrich01,4.742991590074491e-05
403,away_pitcher_williga01,4.696112267975233e-05
404,away_pitcher_rodried05,4.689725489387714e-05
405,away_pitcher_antonte01,4.686534423068907e-05
406,away_pitcher_woodtr01,4.6714449822612915e-05
407,away_pitcher_montera01,4.669251843803094e-05
408,home_pitcher_bolanro01,4.645678955050295e-05
409,away_pitcher_imanash01,4.6403572088494236e-05
410,home_pitcher_rodriya01,4.637045750026016e-05
411,home_pitcher_cravyty01,4.6277746926679555e-05
412,home_pitcher_syndeno01,4.6196922556924324e-05
413,away_pitcher_cobbal01,4.617866580074218e-05
414,home_pitcher_norrida01,4.597906970546183e-05
415,away_pitcher_feldmsc01,4.537621705535614e-05
416,home_pitcher_lucchjo01,4.5294906006866756e-05
417,away_pitcher_waldike01,4.525971003149151e-05
418,home_pitcher_allarko01,4.487913574239213e-05
419,home_pitcher_colege01,4.481517714594258e-05
420,away_pitcher_colege01,4.48123472292234e-05
421,home_pitcher_jeffrje01,4.4795433449831265e-05
422,away_pitcher_rodrije01,4.475494977512043e-05
423,home_pitcher_abbotan01,4.469737492620042e-05
424,away_pitcher_diazmi02,4.45813252003239e-05
425,home_pitcher_rodried05,4.436775229194708e-05
426,home_pitcher_ortizlu03,4.4209412618722647e-05
427,away_pitcher_glasnty01,4.398447966139944e-05
428,home_pitcher_searsjp01,4.39468055364974e-05
429,away_pitcher_sandopa02,4.38306325334308e-05
430,away_pitcher_vinceni01,4.376886480631773e-05
431,away_pitcher_duplajo01,4.370317677385681e-05
432,home_pitcher_willibr02,4.369443392980076e-05
433,away_pitcher_jonesja09,4.36617610015224e-05
434,home_pitcher_pannoth01,4.363466555443434e-05
435,home_pitcher_diazyi01,4.3622050464465455e-05
436,home_pitcher_hamilia01,4.3466339394299835e-05
437,away_pitcher_wrighmi01,4.328097499378396e-05
438,home_pitcher_feldmsc01,4.3255223933172446e-05
439,away_pitcher_ramirer02,4.321781068269208e-05
440,home_pitcher_boshebu01,4.3212319647382957e-05
441,home_pitcher_sadzeco01,4.320726090221238e-05
442,home_pitcher_graveke01,4.3160070245036255e-05
443,away_pitcher_oswalco01,4.3123878924443216e-05
444,away_pitcher_robleha01,4.299040930571594e-05
445,home_pitcher_kendrky01,4.259573461906086e-05
446,away_pitcher_hellije01,4.2499098505351304e-05
447,home_pitcher_garzama01,4.22081047508637e-05
448,home_pitcher_reyesde02,4.1902826403340765e-05
449,home_pitcher_grayjo02,4.179299249311402e-05
450,away_pitcher_curryxz01,4.174136077149744e-05
451,home_pitcher_diazda01,4.1417918855310226e-05
452,home_pitcher_alexaty01,4.140751066674138e-05
453,home_pitcher_morgael01,4.102628062221945e-05
454,away_pitcher_murfepe01,4.099434705010184e-05
455,away_pitcher_leonedo01,4.0964461251172784e-05
456,away_pitcher_holmegr01,4.0843474453365113e-05
457,away_pitcher_friedch01,4.077813739610114e-05
458,away_pitcher_senzaan01,4.071037885782115e-05
459,away_pitcher_fostema01,4.0701876024595e-05
460,home_pitcher_rodrije01,3.988790957743159e-05
461,away_pitcher_wilsost02,3.982376319053467e-05
462,away_pitcher_becktr01,3.953534441638663e-05
463,home_pitcher_schulja02,3.9220512171711394e-05
464,away_pitcher_finnebr01,3.907752306046261e-05
465,away_pitcher_vargace01,3.903435223794428e-05
466,home_pitcher_merriry01,3.8963458980836925e-05
467,away_pitcher_cuevawi01,3.8825070372860454e-05
468,away_pitcher_brighje01,3.8636668438581424e-05
469,away_pitcher_nunezda01,3.8532774690081395e-05
470,home_pitcher_ashcrgr01,3.8481977013096456e-05
471,home_pitcher_bolsimi01,3.846265266722875e-05
472,away_pitcher_garzaju01,3.828588315454139e-05
473,home_pitcher_ranauan01,3.819830575055877e-05
474,away_pitcher_lucchjo01,3.8144736787412276e-05
475,away_pitcher_buehlwa01,3.800961192419157e-05
476,home_pitcher_tropeni01,3.792143762319553e-05
477,away_pitcher_alvarjo02,3.777052006927274e-05
478,away_pitcher_bendean01,3.774048978906494e-05
479,home_pitcher_francbo01,3.7608357786191485e-05
480,home_pitcher_kochaja01,3.751629661450885e-05
481,home_pitcher_friedch01,3.748088610000959e-05
482,away_pitcher_kintzbr01,3.743720928375852e-05
483,away_pitcher_gearrco01,3.7430131800365e-05
484,away_pitcher_koenija01,3.742553020597329e-05
485,home_pitcher_curryxz01,3.737949007455216e-05
486,away_pitcher_rogertr01,3.71771335783157e-05
487,away_pitcher_stanery01,3.7131542003023166e-05
488,away_pitcher_ortizlu03,3.703192791792506e-05
489,away_pitcher_boshebu01,3.694973838291101e-05
490,away_pitcher_danaca01,3.682674796555853e-05
491,away_pitcher_bolsimi01,3.6605089572198785e-05
492,away_pitcher_marshal01,3.6298609609011176e-05
493,away_pitcher_silsech01,3.622942411797985e-05
494,home_pitcher_bernabr01,3.619840391073593e-05
495,home_pitcher_staumjo01,3.6125826407346076e-05
496,away_pitcher_castima03,3.6108345627063964e-05
497,home_pitcher_fostema01,3.5672839981603005e-05
498,home_pitcher_goudeas01,3.5608988526129966e-05
499,home_pitcher_imanash01,3.560338531376463e-05
500,home_pitcher_bettial01,3.5319317187662656e-05
501,away_pitcher_francjp01,3.529987674478965e-05
502,home_pitcher_mantijo01,3.520611502803891e-05
503,away_pitcher_plesaza01,3.5017285173332296e-05
504,home_pitcher_pomerdr01,3.4890173939951526e-05
505,away_pitcher_eshelto01,3.484151265599501e-05
506,home_pitcher_carasma01,3.471229070709145e-05
507,away_pitcher_sborzjo01,3.459833681798309e-05
508,away_pitcher_ryanri01,3.4539580466498126e-05
509,away_pitcher_jayemy01,3.451246994117384e-05
510,away_pitcher_ponceco01,3.448230951920563e-05
511,away_pitcher_verlaju01,3.440359203494193e-05
512,away_pitcher_oviedjo01,3.440225264635796e-05
513,home_pitcher_nunezda01,3.4329823265893055e-05
514,home_pitcher_povicca01,3.425980606274158e-05
515,away_pitcher_wolfja01,3.42242197642615e-05
516,away_pitcher_garcija04,3.4205046942995113e-05
517,home_pitcher_millebo06,3.3973846914212996e-05
518,away_pitcher_baumami01,3.3931226940129636e-05
519,home_pitcher_cruzfe01,3.391314793651665e-05
520,home_pitcher_mizeca01,3.3609500017575606e-05
521,home_pitcher_vinceni01,3.335379176023535e-05
522,away_pitcher_staumjo01,3.323311964816862e-05
523,home_pitcher_hentgsa01,3.307764411834783e-05
524,away_pitcher_kiliaca01,3.30000150053206e-05
525,away_pitcher_hernajo02,3.2998522665675915e-05
526,away_pitcher_richaly01,3.287820024594167e-05
527,away_pitcher_skogler01,3.2774543952312685e-05
528,away_pitcher_ginnjt01,3.2609298840276905e-05
529,away_pitcher_iwakuhi01,3.2597196340478774e-05
530,home_pitcher_feyerjo01,3.2584798244106243e-05
531,home_pitcher_bendean01,3.257547041504209e-05
532,home_pitcher_plesaza01,3.241833097030578e-05
533,away_pitcher_abbotan01,3.2340624744613503e-05
534,away_pitcher_kowarja01,3.2256697910326804e-05
535,away_pitcher_francbo01,3.213049269542349e-05
536,home_pitcher_senzaan01,3.208634673091757e-05
537,away_pitcher_millebo06,3.1977767468346364e-05
538,away_pitcher_henryto01,3.1900580078990684e-05
539,home_pitcher_silsech01,3.177221559388585e-05
540,home_pitcher_castima03,3.172592352810668e-05
541,home_pitcher_kowarja01,3.1471885811295074e-05
542,away_pitcher_gsellro01,3.137564972952036e-05
543,home_pitcher_hernafe02,3.1242433144372986e-05
544,away_pitcher_birdja01,3.122712034049126e-05
545,home_pitcher_verrelo01,3.119154555179235e-05
546,home_pitcher_faedoal01,3.1176240674794175e-05
547,home_pitcher_danaca01,3.097571025437612e-05
548,away_pitcher_hunteto02,3.0919574514935666e-05
549,away_pitcher_mantijo01,3.078668047790213e-05
550,away_pitcher_oberba01,3.078422228612134e-05
551,away_pitcher_skenepa01,3.07504018112404e-05
552,away_pitcher_ramirne01,3.0687035891392945e-05
553,home_pitcher_claseem01,3.05330756335052e-05
554,home_pitcher_coveydy01,3.0452664083324405e-05
555,away_pitcher_estesjo01,3.042736880385791e-05
556,home_pitcher_corbipa01,3.03867666342071e-05
557,away_pitcher_feltnry01,3.0349146061514473e-05
558,away_pitcher_selbyco01,3.0289565214007505e-05
559,away_pitcher_dunnida01,3.023958978417252e-05
560,home_pitcher_hellije01,3.0094677206451286e-05
561,away_pitcher_schrejo01,3.0083613354014933e-05
562,home_pitcher_civalaa01,2.9967005294488117e-05
563,home_pitcher_swarmma01,2.9956232334547796e-05
564,away_pitcher_sprinje01,2.9844012618352856e-05
565,away_pitcher_tropeni01,2.9797831483243934e-05
566,away_pitcher_stammcr01,2.977407403875923e-05
567,home_pitcher_garzaju01,2.9698247437171314e-05
568,away_pitcher_alexaty01,2.967290236305273e-05
569,away_pitcher_morgael01,2.9588234899227384e-05
570,away_pitcher_mizeca01,2.9542036726601628e-05
571,away_pitcher_conlead01,2.9438306040365262e-05
572,away_pitcher_blackpa01,2.9425251043971988e-05
573,away_pitcher_nelsoji02,2.92599659496235e-05
574,home_pitcher_leakemi01,2.9182010582791594e-05
575,away_pitcher_lodolni01,2.9137053851948738e-05
576,home_pitcher_adonjo01,2.8945294941498814e-05
577,home_pitcher_ryanri01,2.891326639481706e-05
578,away_pitcher_allarko01,2.8904472142039264e-05
579,home_pitcher_wislema01,2.8839514768233512e-05
580,away_pitcher_matthze01,2.8790999107393203e-05
581,home_pitcher_strahma01,2.85909409646178e-05
582,home_pitcher_rogertr01,2.8417535525704533e-05
583,home_pitcher_yarbrry01,2.8267473890958578e-05
584,home_pitcher_kellemi03,2.8214387288416748e-05
585,home_pitcher_ginnjt01,2.8171834521289927e-05
586,away_pitcher_nealza01,2.800172667365902e-05
587,home_pitcher_diazmi02,2.7961461128532577e-05
588,home_pitcher_delarru01,2.7921277819789695e-05
589,home_pitcher_davisau01,2.780804203857507e-05
590,away_pitcher_rouppla01,2.778966710587029e-05
591,home_pitcher_wantzan01,2.775486753215416e-05
592,home_pitcher_ramirne01,2.7706991144152478e-05
593,home_pitcher_murfepe01,2.748320969689984e-05
594,home_pitcher_patinlu01,2.7480485982697476e-05
595,away_pitcher_triggan01,2.7477134608813345e-05
596,away_pitcher_fulmeca01,2.7456360852764983e-05
597,away_pitcher_goudeas01,2.7440458845700887e-05
598,home_pitcher_swanser01,2.742239344647908e-05
599,away_pitcher_meisiry01,2.73259711472345e-05
600,home_pitcher_wagueja01,2.7325031640148743e-05
601,home_pitcher_asheral01,2.7318943024636453e-05
602,away_pitcher_johnsse01,2.7050367000295056e-05
603,away_pitcher_fulmemi01,2.7026855981373773e-05
604,home_pitcher_skenepa01,2.6938091520378222e-05
605,away_pitcher_duffyda01,2.685625137170761e-05
606,home_pitcher_hughebr01,2.6624138053292957e-05
607,away_pitcher_hergeji01,2.6561054525535537e-05
608,home_pitcher_lambeji01,2.6495795443087865e-05
609,away_pitcher_kinghni01,2.647452452877417e-05
610,home_pitcher_sborzjo01,2.647430286323839e-05
611,home_pitcher_szaputh01,2.646998033775312e-05
612,home_pitcher_gilbelo01,2.636736511644041e-05
613,away_pitcher_maldoan01,2.6173518803601403e-05
614,away_pitcher_hauscmi01,2.609062293327116e-05
615,away_pitcher_davisau01,2.6027821374209082e-05
616,away_pitcher_pallaan01,2.6023992564939932e-05
617,home_pitcher_baumami01,2.5818715228302703e-05
618,away_pitcher_wantzan01,2.5712248623092014e-05
619,away_pitcher_wrighst01,2.5688874802893487e-05
620,home_pitcher_festama01,2.548456837208658e-05
621,away_pitcher_eflinza01,2.5357809554159533e-05
622,away_pitcher_dodddy01,2.528326549804513e-05
623,away_pitcher_happja01,2.518215707046044e-05
624,away_pitcher_greenco01,2.515130069159243e-05
625,away_pitcher_morgaad01,2.5060170292930508e-05
626,away_pitcher_cruzfe01,2.4884738655112696e-05
627,home_pitcher_jayemy01,2.4729148504414024e-05
628,away_pitcher_reaco01,2.4660678962268485e-05
629,home_pitcher_wilkad01,2.4633880447582103e-05
630,home_pitcher_matusbr01,2.4623754532050736e-05
631,home_pitcher_finnebr01,2.4614873901974672e-05
632,away_pitcher_anderia01,2.4603263343194763e-05
633,home_pitcher_montafr02,2.4579596293947758e-05
634,home_pitcher_mcclare01,2.4497194457625562e-05
635,away_pitcher_patinlu01,2.4166661866223482e-05
636,away_pitcher_sadzeco01,2.411318588968287e-05
637,home_pitcher_vargace01,2.392876638021377e-05
638,home_pitcher_hugheph01,2.391834889956532e-05
639,home_pitcher_warrewi01,2.3915605908423702e-05
640,home_pitcher_koenija01,2.3914569635658902e-05
641,away_pitcher_nixja02,2.377656948237173e-05
642,home_pitcher_jarvibr01,2.3657592162135262e-05
643,home_pitcher_milonto01,2.362985372399795e-05
644,home_pitcher_gearrco01,2.361836272837591e-05
645,home_pitcher_kochma01,2.314215209056748e-05
646,away_pitcher_reyesde02,2.3104741213759906e-05
647,away_pitcher_raganco01,2.3071595961869674e-05
648,away_pitcher_graveke01,2.3020715973583436e-05
649,away_pitcher_warrewi01,2.2989069946057226e-05
650,home_pitcher_fittsri01,2.295752990823074e-05
651,away_pitcher_rodrica02,2.2948120713619396e-05
652,home_pitcher_feddeer01,2.270570958349433e-05
653,away_pitcher_pomerdr01,2.268930404917013e-05
654,home_pitcher_payamjo01,2.2650896150815703e-05
655,away_pitcher_cottojh01,2.2560434915493147e-05
656,home_pitcher_tillmch01,2.2526195731518945e-05
657,home_pitcher_barrija01,2.2462436149786093e-05
658,home_pitcher_reyesal02,2.2413635520629324e-05
659,home_pitcher_mannima02,2.238159661319791e-05
660,home_pitcher_bergmch01,2.2381551388947835e-05
661,home_pitcher_oviedjo01,2.2371596199064835e-05
662,home_pitcher_bivensp01,2.2362240226237178e-05
663,away_pitcher_wainwad01,2.2356406345186456e-05
664,away_pitcher_mcclare01,2.235320392447362e-05
665,home_pitcher_lewisco01,2.2325203802362e-05
666,home_pitcher_marshal01,2.2251031899723573e-05
667,home_pitcher_fulmemi01,2.2208009749375435e-05
668,away_pitcher_kochma01,2.2195141067233565e-05
669,away_pitcher_latzja01,2.2031582805454365e-05
670,away_pitcher_moorean02,2.20001020919182e-05
671,away_pitcher_martefr01,2.196508828279803e-05
672,home_pitcher_gonzagi01,2.1909257026847132e-05
673,away_pitcher_crawfku01,2.1908279200370493e-05
674,home_pitcher_jonesja09,2.167553999890407e-05
675,home_pitcher_yamamyo01,2.1592812494983487e-05
676,home_pitcher_stonega01,2.155512604345832e-05
677,home_pitcher_hendrli01,2.1329985128760842e-05
678,away_pitcher_avilape01,2.0906489261354547e-05
679,away_pitcher_clemepa02,2.0838620904645708e-05
680,home_pitcher_crawfku01,2.0797036702672935e-05
681,home_pitcher_sandopa02,2.0777950133653942e-05
682,away_pitcher_asheral01,2.073961629092608e-05
683,away_pitcher_ranauan01,2.0519426761208445e-05
684,home_pitcher_oberhbr01,2.0501567455928227e-05
685,away_pitcher_cabrege01,2.0438290821437932e-05
686,home_pitcher_wilsobr02,2.0292105096044394e-05
687,away_pitcher_syndeno01,2.015729613767416e-05
688,home_pitcher_strasst01,2.0079976408367322e-05
689,away_pitcher_richacl01,2.006661817160452e-05
690,home_pitcher_honeybr01,2.0044242723559635e-05
691,home_pitcher_matthze01,1.997522106583004e-05
692,home_pitcher_feltnry01,1.9890082213273337e-05
693,home_pitcher_kinghni01,1.986002684630621e-05
694,home_pitcher_hearnta01,1.9817236771344413e-05
695,home_pitcher_conlead01,1.981365532639181e-05
696,away_pitcher_parkemi01,1.978108778795173e-05
697,away_pitcher_cainma01,1.9662222175099166e-05
698,away_pitcher_flemijo01,1.966116673350251e-05
699,home_pitcher_bautige01,1.958444593880009e-05
700,away_pitcher_bautige01,1.956245317140514e-05
701,home_pitcher_nicolju01,1.9542120848773022e-05
702,away_pitcher_hernada02,1.9521542501655908e-05
703,home_pitcher_simonal01,1.9519064109823113e-05
704,home_pitcher_abbotco01,1.9496845418281935e-05
705,away_pitcher_hugheph01,1.9476492929943833e-05
706,home_pitcher_millesh01,1.9389986658733868e-05
707,away_pitcher_milonto01,1.9353926001430634e-05
708,away_pitcher_jacqujo01,1.928834057920018e-05
709,home_pitcher_holmegr01,1.9276575815023663e-05
710,away_pitcher_swanser01,1.924819917610783e-05
711,away_pitcher_payanpe01,1.9048107772671112e-05
712,home_pitcher_flemijo01,1.8919868271357536e-05
713,home_pitcher_francjp01,1.8828102001248952e-05
714,away_pitcher_mcraeal01,1.882605598146467e-05
715,home_pitcher_flynnbr01,1.8793488512497606e-05
716,home_pitcher_vasqura02,1.8777660182209603e-05
717,home_pitcher_brubajt01,1.87755536292461e-05
718,home_pitcher_palumjo01,1.871413284772204e-05
719,home_pitcher_duffyda01,1.856247541192575e-05
720,away_pitcher_loaisjo01,1.847865929065027e-05
721,away_pitcher_jarvibr01,1.843223631900671e-05
722,away_pitcher_szaputh01,1.8284861354096518e-05
723,away_pitcher_dowdyky01,1.8270982314433933e-05
724,home_pitcher_fulmeca01,1.8264464387127717e-05
725,away_pitcher_godleza01,1.8185859361490513e-05
726,home_pitcher_birdsha01,1.8171314094796436e-05
727,away_pitcher_freelky01,1.8160289978269846e-05
728,home_pitcher_sprinje01,1.812919145024704e-05
729,away_pitcher_povicca01,1.8124219093784146e-05
730,home_pitcher_cannigr01,1.8046151819333516e-05
731,away_pitcher_jacksed01,1.793820808070079e-05
732,away_pitcher_carmofa01,1.7913797992262892e-05
733,away_pitcher_brasiry01,1.788522423577928e-05
734,away_pitcher_lauerer01,1.773281413899707e-05
735,home_pitcher_lockewa01,1.7709449689807492e-05
736,home_pitcher_mikolmi01,1.7691763835920696e-05
737,home_pitcher_mercami01,1.761446009581732e-05
738,home_pitcher_conlopj01,1.753823043573153e-05
739,home_pitcher_manaese01,1.7435461118279944e-05
740,away_pitcher_wagueja01,1.7410895085395665e-05
741,away_pitcher_bettial01,1.733567325622859e-05
742,home_pitcher_sampsad01,1.7319582401747785e-05
743,away_pitcher_burrobe01,1.7135506335303283e-05
744,home_pitcher_gsellro01,1.707567829997346e-05
745,away_pitcher_geedi01,1.7071038191816554e-05
746,home_pitcher_moorean02,1.703677420018757e-05
747,away_pitcher_diazyi01,1.7029661234949444e-05
748,home_pitcher_estesjo01,1.690272971173156e-05
749,away_pitcher_strahma01,1.6855825537006597e-05
750,away_pitcher_lambeji01,1.6839696869727023e-05
751,away_pitcher_hamilia01,1.673800192740461e-05
752,away_pitcher_manaese01,1.659282998651234e-05
753,away_pitcher_leeza01,1.6591687301188328e-05
754,home_pitcher_lackejo01,1.6585382633827337e-05
755,away_pitcher_gonsoto01,1.644723016000232e-05
756,home_pitcher_sulseco01,1.6409867717626906e-05
757,home_pitcher_jorgefe01,1.639470306163756e-05
758,away_pitcher_bergmch01,1.6363325088465176e-05
759,away_pitcher_castidi01,1.630828740416354e-05
760,home_pitcher_hahnje01,1.6215699194056622e-05
761,home_pitcher_morgaad01,1.6213031516263668e-05
762,home_pitcher_anderia01,1.6203641088342627e-05
763,away_pitcher_jimenub01,1.6196779587197364e-05
764,home_pitcher_richaly01,1.6195562743378955e-05
765,away_pitcher_fittsri01,1.618541870594744e-05
766,away_pitcher_garrebr01,1.599145069428092e-05
767,away_pitcher_ceasedy01,1.5989701714970793e-05
768,home_pitcher_borucry01,1.593450528276386e-05
769,home_pitcher_geedi01,1.5784383907890568e-05
770,home_pitcher_selbyco01,1.5664225009476225e-05
771,home_pitcher_nelsoji02,1.5644007712950787e-05
772,away_pitcher_gonzame01,1.5606282118890596e-05
773,home_pitcher_blancro01,1.557707457908091e-05
774,home_pitcher_thompja03,1.5565882270994236e-05
775,away_pitcher_mckaybr01,1.5563255617870603e-05
776,away_pitcher_kochaja01,1.555846418099935e-05
777,away_pitcher_strasst01,1.54978187258464e-05
778,home_pitcher_mlodzca01,1.547878924324413e-05
779,home_pitcher_phillco01,1.5420512010769328e-05
780,away_pitcher_knebeco01,1.5394559338471114e-05
781,home_pitcher_shiplbr01,1.53908642276618e-05
782,away_pitcher_feyerjo01,1.5375106463631393e-05
783,home_pitcher_hollojo01,1.5368319946908647e-05
784,home_pitcher_knackla01,1.5346915632409735e-05
785,away_pitcher_ceccosl01,1.5345062419340932e-05
786,away_pitcher_olsonre01,1.5327902455491573e-05
787,home_pitcher_hestoch01,1.5306764786321246e-05
788,home_pitcher_ucetaed01,1.5292962425851605e-05
789,home_pitcher_rodrica02,1.5282101261628972e-05
790,away_pitcher_lametdi01,1.5143320480111886e-05
791,home_pitcher_lauerer01,1.510809144846182e-05
792,home_pitcher_kingmi01,1.5000129818130486e-05
793,away_pitcher_wislema01,1.487123951475629e-05
794,home_pitcher_martefr01,1.4812884027975014e-05
795,away_pitcher_munozro01,1.4746753609177731e-05
796,away_pitcher_reyesal02,1.4729892986201019e-05
797,away_pitcher_hicksjo03,1.4600146827582477e-05
798,home_pitcher_loaisjo01,1.4529625526678858e-05
799,away_pitcher_manoaal01,1.4306979490717416e-05
800,away_pitcher_claseem01,1.4239405774642076e-05
801,away_pitcher_fiersmi01,1.4234958917894994e-05
802,away_pitcher_webblo01,1.4213132569388817e-05
803,home_pitcher_holmbda01,1.411833484870563e-05
804,home_pitcher_ennsdi01,1.3967326830865587e-05
805,home_pitcher_pepiory01,1.3925489780864623e-05
806,away_pitcher_overtco01,1.3727609345513242e-05
807,away_pitcher_smylydr01,1.3632816970036593e-05
808,home_pitcher_chenwe02,1.3583175997060846e-05
809,home_pitcher_elderbr01,1.3550653791105571e-05
810,home_pitcher_gonzame01,1.3540084645481255e-05
811,away_pitcher_cashnan01,1.352959991432598e-05
812,home_pitcher_freelky01,1.351145358714438e-05
813,away_pitcher_armstsh01,1.3445054400378066e-05
814,away_pitcher_millesh01,1.3437924052154644e-05
815,away_pitcher_ventejo01,1.3382720883254613e-05
816,home_pitcher_schwesp01,1.3381369838036204e-05
817,home_pitcher_penniwa01,1.332840944950548e-05
818,home_pitcher_ashbyaa01,1.32599639733186e-05
819,away_pitcher_wilsobr02,1.3229185504849666e-05
820,home_pitcher_burrobe01,1.3228465454825505e-05
821,home_pitcher_whitemi03,1.315438835162041e-05
822,away_pitcher_ashcrgr01,1.3115775076981177e-05
823,home_pitcher_rouppla01,1.3046527537978226e-05
824,home_pitcher_brasiry01,1.2991444595866026e-05
825,home_pitcher_mcguide02,1.2972120346451473e-05
826,away_pitcher_hughebr01,1.2957082597774413e-05
827,away_pitcher_hendrli01,1.2840797937650198e-05
828,home_pitcher_parkemi01,1.283774578964141e-05
829,home_pitcher_ventuyo01,1.2752946751869651e-05
830,away_pitcher_payamjo01,1.2718533298632542e-05
831,home_pitcher_garrebr01,1.2689430970552209e-05
832,away_pitcher_megilty01,1.2687242266371163e-05
833,home_pitcher_menezco01,1.2663613091436782e-05
834,home_pitcher_fujinsh01,1.2653353040351944e-05
835,home_pitcher_harriky01,1.264204598654724e-05
836,away_pitcher_ynoaga01,1.2623617291443417e-05
837,away_pitcher_wicksjo01,1.2606831908158266e-05
838,home_pitcher_nelsory01,1.2597313637872399e-05
839,away_pitcher_leedy01,1.2581523639501704e-05
840,away_pitcher_reidfse01,1.253599515754073e-05
841,away_pitcher_arrigsp01,1.2531814880836258e-05
842,home_pitcher_meisiry01,1.2453247500225698e-05
843,away_pitcher_kremede01,1.2443862503910265e-05
844,home_pitcher_bumgama01,1.2429517212428143e-05
845,away_pitcher_pannoth01,1.241208582013344e-05
846,home_pitcher_johnsse01,1.237785086886135e-05
847,home_pitcher_iwakuhi01,1.2357499212521702e-05
848,home_pitcher_cashnan01,1.2325858169386716e-05
849,home_pitcher_espinpa01,1.2310525507969731e-05
850,home_pitcher_lametdi01,1.2296923062384365e-05
851,home_pitcher_ceasedy01,1.2267023997066891e-05
852,home_pitcher_obrieri01,1.2263747314393872e-05
853,home_pitcher_dunnida01,1.2240676511509684e-05
854,away_pitcher_taillja01,1.2076014361629991e-05
855,home_pitcher_garcija04,1.20734648185576e-05
856,home_pitcher_richacl01,1.2061124820799928e-05
857,away_pitcher_davisno01,1.2060634805680886e-05
858,home_pitcher_cahiltr01,1.2037492643228354e-05
859,home_pitcher_mcraeal01,1.2026052691084524e-05
860,away_pitcher_banuema01,1.2024906641739932e-05
861,away_pitcher_montafr02,1.2009486434346731e-05
862,away_pitcher_kenneia01,1.199244133606214e-05
863,home_pitcher_eflinza01,1.1981533659929931e-05
864,away_pitcher_baezmi01,1.1961097637982966e-05
865,away_pitcher_feddeer01,1.193246838153775e-05
866,home_pitcher_severlu01,1.1893074435295478e-05
867,home_pitcher_stratch01,1.1891204499597093e-05
868,away_pitcher_sotogr01,1.1871162618027024e-05
869,home_pitcher_ramirer02,1.1860168456343669e-05
870,home_pitcher_jimenub01,1.1848224490522772e-05
871,home_pitcher_millsal02,1.1834610563691928e-05
872,home_pitcher_verlaju01,1.1815346220550572e-05
873,home_pitcher_kirbyge01,1.1803922068680597e-05
874,away_pitcher_mikolmi01,1.1747441729011543e-05
875,home_pitcher_blackpa01,1.1701409156228941e-05
876,away_pitcher_duffety01,1.1664964564821863e-05
877,home_pitcher_englema01,1.1648118792270416e-05
878,home_pitcher_wingetr01,1.1636032008796382e-05
879,home_pitcher_wolfja01,1.1597926244068014e-05
880,home_pitcher_blackma01,1.158168320597583e-05
881,away_pitcher_martico02,1.1578322171114436e-05
882,home_pitcher_mcclash01,1.1535651708367673e-05
883,away_pitcher_tsengje01,1.1535496278064475e-05
884,away_pitcher_dermoma01,1.1492751132813254e-05
885,home_pitcher_moyaga01,1.1460028972053411e-05
886,home_pitcher_martico01,1.1458052827802103e-05
887,away_pitcher_martico01,1.1429892399187346e-05
888,away_pitcher_volstch01,1.1376795906362283e-05
889,home_pitcher_peralwi01,1.1357824115137438e-05
890,away_pitcher_kingmi01,1.134966707829419e-05
891,away_pitcher_pfaadbr01,1.1297879764269515e-05
892,away_pitcher_smithch08,1.126024428915593e-05
893,home_pitcher_alexyaj01,1.1228576124288098e-05
894,home_pitcher_castidi01,1.119503435533444e-05
895,home_pitcher_friedma01,1.1165564374714332e-05
896,away_pitcher_festama01,1.1125277671233465e-05
897,away_pitcher_valdece01,1.098644161192049e-05
898,home_pitcher_godleza01,1.0985819934083664e-05
899,home_pitcher_galleza01,1.0958172292173525e-05
900,away_pitcher_bivensp01,1.0950257745208475e-05
901,home_pitcher_alexasc02,1.0941650650009762e-05
902,home_pitcher_nelsoni01,1.092502044270487e-05
903,away_pitcher_simonal01,1.0913381760968895e-05
904,home_pitcher_wicksjo01,1.089148441746508e-05
905,away_pitcher_verrelo01,1.0888393769820598e-05
906,home_pitcher_happja01,1.0871716648758462e-05
907,home_pitcher_volstch01,1.0847779167857873e-05
908,home_pitcher_martico02,1.0844670674558441e-05
909,home_pitcher_hutchdr01,1.0843950512336662e-05
910,home_pitcher_wrighst01,1.0810628687394587e-05
911,away_pitcher_shiplbr01,1.0789705735006656e-05
912,away_pitcher_sorokmi01,1.0773041964724515e-05
913,home_pitcher_greinza01,1.0588566490912269e-05
914,home_pitcher_cabrege01,1.058302909796242e-05
915,away_pitcher_stonega01,1.050035911426964e-05
916,home_pitcher_dermoma01,1.0485624053694614e-05
917,home_pitcher_tarplst01,1.045149928908536e-05
918,home_pitcher_nelsoky01,1.0409867421656965e-05
919,away_pitcher_ortizlu02,1.0353692291258625e-05
920,home_pitcher_curtijo02,1.0291514475244255e-05
921,home_pitcher_gantjo01,1.0202111377816942e-05
922,home_pitcher_stewabr01,1.0161937640237003e-05
923,home_pitcher_nixja02,1.0143526193869118e-05
924,away_pitcher_rodriel02,1.0106422072028892e-05
925,away_pitcher_kennebr02,1.0051767383286924e-05
926,home_pitcher_kayan01,9.994513639834832e-06
927,home_pitcher_clemepa02,9.993083718110548e-06
928,home_pitcher_adlemti01,9.962909936071249e-06
929,away_pitcher_bradlta01,9.93778256548515e-06
930,away_pitcher_matusbr01,9.86250949107964e-06
931,away_pitcher_chenwe02,9.745153201114874e-06
932,home_pitcher_mejiahu01,9.710122000185553e-06
933,home_pitcher_wentzjo01,9.6102330904622e-06
934,home_pitcher_worleva01,9.594612994664424e-06
935,home_pitcher_morejad01,9.592769683687801e-06
936,away_pitcher_kayan01,9.544292248475017e-06
937,home_pitcher_wilsoty01,9.536267972309308e-06
938,home_pitcher_hauscmi01,9.48634549930866e-06
939,home_pitcher_hernada02,9.430388957501047e-06
940,away_pitcher_perezma02,9.334517847185742e-06
941,away_pitcher_stoudle01,9.318501690756124e-06
942,home_pitcher_oberba01,9.277794266382602e-06
943,away_pitcher_mannima02,9.180522915341565e-06
944,home_pitcher_birdja01,9.177922675732525e-06
945,away_pitcher_nanceto01,9.141999912029516e-06
946,away_pitcher_wachami01,9.031914036024849e-06
947,away_pitcher_morejad01,8.995982181995107e-06
948,away_pitcher_whitemi03,8.965311916660413e-06
949,away_pitcher_gibsoky01,8.944512648467055e-06
950,home_pitcher_rodgebr01,8.919241652512402e-06
951,home_pitcher_anderdr02,8.908296803569239e-06
952,away_pitcher_whalero01,8.907312936230368e-06
953,home_pitcher_wachami01,8.89193188021372e-06
954,away_pitcher_logueza01,8.812316073519525e-06
955,home_pitcher_ynoaga01,8.805230923018656e-06
956,away_pitcher_coveydy01,8.740462890551835e-06
957,away_pitcher_lugose01,8.739752548827093e-06
958,home_pitcher_linceti01,8.713949389388908e-06
959,home_pitcher_blazemi01,8.644632027905076e-06
960,home_pitcher_sotogr01,8.628785417707217e-06
961,home_pitcher_ponceco01,8.619869963596223e-06
962,away_pitcher_sparkgl01,8.601454365499165e-06
963,home_pitcher_gonsoto01,8.513668419837242e-06
964,home_pitcher_baezmi01,8.494188029487358e-06
965,away_pitcher_worleva01,8.489674491427017e-06
966,home_pitcher_dowdyky01,8.48840773750602e-06
967,home_pitcher_woodssi01,8.48085999024666e-06
968,home_pitcher_lestejo01,8.458937054281362e-06
969,away_pitcher_duggero01,8.458178600419816e-06
970,away_pitcher_crochga01,8.425571137167367e-06
971,away_pitcher_ponceda01,8.425570973364309e-06
972,home_pitcher_rasmuco02,8.375300189219094e-06
973,home_pitcher_velasvi01,8.349514619602011e-06
974,away_pitcher_rodrigr01,8.347626861027262e-06
975,home_pitcher_scribtr01,8.336032698908732e-06
976,home_pitcher_jungmta01,8.217549993634465e-06
977,home_pitcher_perezma02,8.095819126705238e-06
978,home_pitcher_ottogl01,8.09374329596797e-06
979,home_pitcher_stoudle01,8.009088470073495e-06
980,home_pitcher_ventejo01,8.00583681972137e-06
981,away_pitcher_adlemti01,7.97812954259758e-06
982,away_pitcher_boydma01,7.946667759140812e-06
983,away_pitcher_menacr01,7.930684936105717e-06
984,home_pitcher_bowmama01,7.868945678375518e-06
985,away_pitcher_mchugco01,7.832244219371004e-06
986,home_pitcher_webblo01,7.759190156638504e-06
987,home_pitcher_overtco01,7.754726002525293e-06
988,home_pitcher_payanpe01,7.728610727740642e-06
989,home_pitcher_mahlety01,7.687770644208598e-06
990,away_pitcher_hernaca04,7.648706510177715e-06
991,away_pitcher_blackma01,7.6010445928114e-06
992,home_pitcher_kellyca01,7.5946511091547155e-06
993,away_pitcher_vasqura02,7.555895737892492e-06
994,away_pitcher_delarru01,7.513651625594795e-06
995,away_pitcher_barnema01,7.4934685267947616e-06
996,away_pitcher_mcguide02,7.3992098670514925e-06
997,away_pitcher_peralwi01,7.347517308423086e-06
998,away_pitcher_suareal01,7.299700493067035e-06
999,home_pitcher_garciri01,7.287227479499181e-06
1000,away_pitcher_mccauda01,7.287051494961312e-06
1001,home_pitcher_thorntr01,7.273853329454955e-06
1002,home_pitcher_assadja01,7.187220684438575e-06
1003,home_pitcher_oakstr01,7.169441914134269e-06
1004,away_pitcher_crousha01,7.155134106388787e-06
1005,home_pitcher_arrigsp01,7.15201157435713e-06
1006,away_pitcher_kellyca01,6.892390816754775e-06
1007,away_pitcher_lackejo01,6.889239586642759e-06
1008,away_pitcher_howarsp01,6.7917466195790685e-06
1009,away_pitcher_ramirye01,6.7405014906077785e-06
1010,away_pitcher_stockro01,6.730673861895505e-06
1011,away_pitcher_kelletr01,6.7112810549292025e-06
1012,home_pitcher_mccauda01,6.7013474082059905e-06
1013,away_pitcher_hillga02,6.700149887948544e-06
1014,away_pitcher_peterda01,6.679286338201357e-06
1015,away_pitcher_lopezre01,6.634673393111361e-06
1016,home_pitcher_chargjt01,6.604344465238671e-06
1017,home_pitcher_jacksed01,6.601560985102637e-06
1018,away_pitcher_schwesp01,6.565300976651457e-06
1019,home_pitcher_ferguca01,6.55895516820186e-06
1020,away_pitcher_wilsoty01,6.5560331972431015e-06
1021,home_pitcher_alcansa01,6.55217455324565e-06
1022,away_pitcher_delacjo01,6.539959408922268e-06
1023,home_pitcher_crochga01,6.526175298776621e-06
1024,away_pitcher_yamamjo01,6.52185088697056e-06
1025,home_pitcher_gracego01,6.445623288334804e-06
1026,home_pitcher_gassero01,6.43971430689381e-06
1027,home_pitcher_garciro03,6.4109654109836905e-06
1028,away_pitcher_ynoahu01,6.410342454505919e-06
1029,home_pitcher_avilape01,6.378777993825835e-06
1030,away_pitcher_juradar01,6.370386816656799e-06
1031,home_pitcher_woodal02,6.3563179029095715e-06
1032,home_pitcher_rusinch01,6.302052364111502e-06
1033,away_pitcher_jungmta01,6.2985051803913585e-06
1034,away_pitcher_ucetaed01,6.297168541595591e-06
1035,away_pitcher_surkaer01,6.2957486709955655e-06
1036,away_pitcher_rusinch01,6.290502396623836e-06
1037,away_pitcher_bowmama01,6.2650285840534856e-06
1038,away_pitcher_lockewa01,6.249016226890747e-06
1039,home_pitcher_phillev01,6.237696543818995e-06
1040,home_pitcher_banuema01,6.198700431699696e-06
1041,home_pitcher_marveja01,6.1707213961305415e-06
1042,home_pitcher_lawreca01,6.1562629157390245e-06
1043,home_pitcher_rockeku01,6.149271687954877e-06
1044,home_pitcher_whalero01,6.114312759873657e-06
1045,away_pitcher_ortka01,6.093409730566866e-06
1046,away_pitcher_lestejo01,6.076415486723436e-06
1047,home_pitcher_vothau01,6.07287393184011e-06
1048,home_pitcher_medlekr01,6.065996890462473e-06
1049,away_pitcher_searsjp01,6.063057280290481e-06
1050,away_pitcher_weathry01,6.0618759460999365e-06
1051,home_pitcher_butleed01,6.0188071872381e-06
1052,away_pitcher_jamesdr01,6.01799620160789e-06
1053,away_pitcher_hahnje01,5.957601493018962e-06
1054,home_pitcher_yamamjo01,5.952214010218322e-06
1055,away_pitcher_crowewi01,5.944231972635585e-06
1056,home_pitcher_allenlo02,5.934048610905488e-06
1057,away_pitcher_rockeku01,5.9173825560648015e-06
1058,home_pitcher_skubata01,5.91552407239919e-06
1059,away_pitcher_guerrju02,5.913094002511395e-06
1060,home_pitcher_chatwty01,5.9002009326148615e-06
1061,away_pitcher_rodgebr01,5.870987975691865e-06
1062,away_pitcher_lawreca01,5.84704943744771e-06
1063,home_pitcher_jacqujo01,5.814824030769607e-06
1064,home_pitcher_walkery01,5.801651581900748e-06
1065,away_pitcher_mercami01,5.777731235521793e-06
1066,home_pitcher_knebeco01,5.772335165897968e-06
1067,away_pitcher_birdsha01,5.727541497211916e-06
1068,away_pitcher_adonjo01,5.727384809928724e-06
1069,home_pitcher_priesqu01,5.723638154049667e-06
1070,home_pitcher_kremede01,5.721742672460658e-06
1071,home_pitcher_leeza01,5.704742870143199e-06
1072,away_pitcher_harriho03,5.702917224023682e-06
1073,home_pitcher_alvarhe01,5.672577067907805e-06
1074,away_pitcher_harvema01,5.658641298773843e-06
1075,home_pitcher_bellobr01,5.605182084532723e-06
1076,away_pitcher_lawde01,5.589657404570787e-06
1077,home_pitcher_armstsh01,5.588622417909576e-06
1078,home_pitcher_soriajo01,5.558296428852929e-06
1079,away_pitcher_ottogl01,5.512365596526098e-06
1080,home_pitcher_smeltde01,5.469931913153779e-06
1081,home_pitcher_leitema02,5.455315135070052e-06
1082,away_pitcher_clevimi01,5.398985396810201e-06
1083,away_pitcher_kirbyge01,5.3715570933941994e-06
1084,away_pitcher_musgrjo01,5.369720215942825e-06
1085,home_pitcher_pruitau01,5.36349526473665e-06
1086,away_pitcher_stephja01,5.341334754740094e-06
1087,away_pitcher_hearnta01,5.33075858168028e-06
1088,away_pitcher_phillev01,5.315624153176985e-06
1089,away_pitcher_gracema02,5.311979654350541e-06
1090,home_pitcher_eshelto01,5.306079135798374e-06
1091,home_pitcher_boydma01,5.289791795653433e-06
1092,home_pitcher_urenajo01,5.282764173970744e-06
1093,home_pitcher_tsengje01,5.27303103625206e-06
1094,away_pitcher_allenlo02,5.255764318727955e-06
1095,home_pitcher_leiteja01,5.205286698052793e-06
1096,home_pitcher_tylerky01,5.179320318707695e-06
1097,away_pitcher_hardybl01,5.138044394188019e-06
1098,away_pitcher_butleed01,5.137650279954374e-06
1099,away_pitcher_yamamyo01,5.1372816619241e-06
1100,home_pitcher_fillmhe01,5.126415796954631e-06
1101,away_pitcher_ollerad01,5.105163714470018e-06
1102,away_pitcher_gaddihu01,5.0854993616809285e-06
1103,home_pitcher_jacksan01,5.067620442472599e-06
1104,away_pitcher_rowlech01,5.057043302037115e-06
1105,away_pitcher_burneco01,5.044417129769152e-06
1106,home_pitcher_walketa01,5.039057774602744e-06
1107,home_pitcher_zimmejo02,5.029054111198592e-06
1108,away_pitcher_hutchdr01,4.998221045460132e-06
1109,away_pitcher_jacksan01,4.952254098163096e-06
1110,away_pitcher_moorema02,4.943794478148559e-06
1111,home_pitcher_gaddihu01,4.936297752162913e-06
1112,home_pitcher_hernajo02,4.936098705544493e-06
1113,home_pitcher_bellova01,4.88386352863645e-06
1114,home_pitcher_smithch08,4.876247047621719e-06
1115,home_pitcher_newcose01,4.84255772034749e-06
1116,away_pitcher_ferguca01,4.81402761413822e-06
1117,away_pitcher_thorntr01,4.813260946064028e-06
1118,home_pitcher_maytr01,4.795953600438769e-06
1119,away_pitcher_turneja01,4.790591721557382e-06
1120,away_pitcher_weberry01,4.786472556977412e-06
1121,home_pitcher_mccarbr01,4.747238888724382e-06
1122,away_pitcher_cannojo02,4.693861920752319e-06
1123,home_pitcher_sandsco01,4.688631001209274e-06
1124,away_pitcher_aldegsa01,4.685483310919732e-06
1125,home_pitcher_carmofa01,4.674163390723189e-06
1126,away_pitcher_leclejo01,4.655658397042274e-06
1127,away_pitcher_aguiaju01,4.641744691197186e-06
1128,home_pitcher_greench03,4.627264977213785e-06
1129,home_pitcher_rodrigr01,4.618127887446685e-06
1130,home_pitcher_lugose01,4.501230674795739e-06
1131,away_pitcher_nelsoni01,4.453915711266969e-06
1132,home_pitcher_hernaca04,4.407135921822813e-06
1133,home_pitcher_pfaadbr01,4.390644796502089e-06
1134,home_pitcher_greenco01,4.361199498749541e-06
1135,away_pitcher_boylejo01,4.356750423983031e-06
1136,away_pitcher_castrmi01,4.3203688130509546e-06
1137,away_pitcher_flynnbr01,4.318672181542751e-06
1138,home_pitcher_lambjo02,4.309062342530242e-06
1139,home_pitcher_erlinro01,4.219883108034422e-06
1140,away_pitcher_bettich01,4.193314586391201e-06
1141,home_pitcher_hammeja01,4.166861945912452e-06
1142,away_pitcher_medlekr01,4.056642596067733e-06
1143,away_pitcher_smeltde01,4.046873389964576e-06
1144,away_pitcher_greinza01,4.02788795411054e-06
1145,away_pitcher_thompja03,3.933811596772955e-06
1146,away_pitcher_tarplst01,3.9248371147894566e-06
1147,home_pitcher_kennebr02,3.91379905347646e-06
1148,home_pitcher_burneco01,3.88074644785362e-06
1149,away_pitcher_ashbyaa01,3.844194642108107e-06
1150,away_pitcher_fillmhe01,3.82598615197788e-06
1151,away_pitcher_assadja01,3.825656983169721e-06
1152,home_pitcher_degroja01,3.822623500444327e-06
1153,away_pitcher_bellobr01,3.8146901552009785e-06
1154,home_pitcher_rayro02,3.783117920882893e-06
1155,away_pitcher_dejonch01,3.7314067059860984e-06
1156,home_pitcher_snellbl01,3.7123459104424086e-06
1157,home_pitcher_heanean01,3.6668556533654104e-06
1158,away_pitcher_vothau01,3.649322361344362e-06
1159,home_pitcher_chiriyo01,3.6317932040475783e-06
1160,away_pitcher_santito01,3.6317932040475783e-06
1161,home_pitcher_lowderh01,3.573683443943318e-06
1162,away_pitcher_lopezjo02,3.5283499908945816e-06
1163,away_pitcher_warread01,3.5222749637836538e-06
1164,home_pitcher_martida03,3.5123577553760252e-06
1165,away_pitcher_millsal02,3.5101014375392755e-06
1166,home_pitcher_stromma01,3.5083809028508667e-06
1167,away_pitcher_beeksja02,3.5052614157554408e-06
1168,away_pitcher_englema01,3.4953990608726565e-06
1169,home_pitcher_koehlto01,3.492196863920253e-06
1170,away_pitcher_penniwa01,3.4821077362486137e-06
1171,home_pitcher_ramirye01,3.4769867020838166e-06
1172,home_pitcher_mchugco01,3.460747315588023e-06
1173,home_pitcher_dodddy01,3.4555534387809973e-06
1174,away_pitcher_gassero01,3.4499889932775636e-06
1175,home_pitcher_liberma01,3.437291168684614e-06
1176,home_pitcher_gonzach01,3.4356560063162104e-06
1177,away_pitcher_alexasc02,3.4284279408441837e-06
1178,away_pitcher_hessda01,3.424116198425739e-06
1179,home_pitcher_hicksjo03,3.423921308898053e-06
1180,away_pitcher_millema03,3.420316188420835e-06
1181,away_pitcher_fauchca01,3.4130475670567525e-06
1182,home_pitcher_marquge01,3.4087753061105377e-06
1183,home_pitcher_mendeyo01,3.4055473843816758e-06
1184,home_pitcher_lohseky01,3.4011797722605846e-06
1185,away_pitcher_sandsco01,3.399187256897093e-06
1186,home_pitcher_smylydr01,3.3907116878939553e-06
1187,away_pitcher_singebr01,3.3802052496546287e-06
1188,home_pitcher_armenro01,3.3734839898733967e-06
1189,away_pitcher_barrija01,3.371624585965879e-06
1190,home_pitcher_waldrhu01,3.369038895560593e-06
1191,home_pitcher_ynoahu01,3.367812157187733e-06
1192,home_pitcher_danisty01,3.3671272573907244e-06
1193,away_pitcher_priceda01,3.3428607370913267e-06
1194,home_pitcher_ponceda01,3.34163353295939e-06
1195,home_pitcher_chaveje01,3.3301653581918274e-06
1196,away_pitcher_watkisp01,3.323627499378323e-06
1197,away_pitcher_alexyaj01,3.2972511704541514e-06
1198,home_pitcher_logueza01,3.294603655339982e-06
1199,home_pitcher_merryju01,3.283910922608528e-06
1200,away_pitcher_nolasri01,3.2831784109047748e-06
1201,away_pitcher_teperry01,3.2782552408782053e-06
1202,home_pitcher_glasnty01,3.267870108826122e-06
1203,home_pitcher_oviedlu01,3.2671795243818506e-06
1204,home_pitcher_cainma01,3.2667751096602876e-06
1205,home_pitcher_harvema01,3.2618420623636683e-06
1206,home_pitcher_martibr01,3.2557171076724378e-06
1207,away_pitcher_bumgama01,3.2425097000467248e-06
1208,away_pitcher_bielabr01,3.224750841230323e-06
1209,away_pitcher_bellaan01,3.2223504184816862e-06
1210,away_pitcher_abbotco01,3.2209134987402077e-06
1211,home_pitcher_santito01,3.219890667298774e-06
1212,home_pitcher_clippty01,3.2172374291758424e-06
1213,home_pitcher_kitchau01,3.182175564572143e-06
1214,home_pitcher_fiersmi01,3.1809362917570848e-06
1215,home_pitcher_cessalu01,3.1786596800605696e-06
1216,away_pitcher_leiteja01,3.1767200650117774e-06
1217,home_pitcher_castrmi01,3.175821646296772e-06
1218,away_pitcher_paddach01,3.1747838334265287e-06
1219,away_pitcher_lakintr01,3.1726740669326475e-06
1220,away_pitcher_newsolj01,3.1633320022031063e-06
1221,away_pitcher_pelfrmi01,3.162060335818468e-06
1222,home_pitcher_andersh01,3.1605258905909636e-06
1223,home_pitcher_pukaj01,3.1599358129683085e-06
1224,away_pitcher_tillmch01,3.154751482751881e-06
1225,away_pitcher_andersh01,3.129890940313802e-06
1226,away_pitcher_espinpa01,3.126213585858766e-06
1227,away_pitcher_garcide01,3.1208951652276572e-06
1228,home_pitcher_moretda01,3.116939875070897e-06
1229,home_pitcher_roarkta01,3.1136792272298505e-06
1230,away_pitcher_sheehem01,3.113247848025459e-06
1231,away_pitcher_leeev01,3.110636547205238e-06
1232,away_pitcher_velazhe01,3.106575381513395e-06
1233,home_pitcher_straida01,3.100813776835959e-06
1234,home_pitcher_alvarjo03,3.090814575434408e-06
1235,away_pitcher_brashma01,3.0894090385104127e-06
1236,away_pitcher_yarbrry01,3.088316365725174e-06
1237,home_pitcher_lawde01,3.088065780826343e-06
1238,home_pitcher_littllu01,3.0773844212767643e-06
1239,away_pitcher_knackla01,3.076723835879191e-06
1240,home_pitcher_moorema02,3.0715947568118446e-06
1241,home_pitcher_duffety01,3.057896297431466e-06
1242,home_pitcher_pallaan01,3.0558519770718568e-06
1243,home_pitcher_millema03,3.0544515842446653e-06
1244,home_pitcher_bradlta01,3.037579784568442e-06
1245,away_pitcher_holmbda01,3.031785590836637e-06
1246,away_pitcher_erlinro01,3.0281642610554763e-06
1247,home_pitcher_flexech01,3.023203913653428e-06
1248,home_pitcher_slegeaa01,3.01880770401073e-06
1249,away_pitcher_kerkeor01,3.005556963272664e-06
1250,away_pitcher_farmebu01,3.002063970738455e-06
1251,home_pitcher_pillty01,3.001509055323407e-06
1252,away_pitcher_oberhbr01,2.9975519044787794e-06
1253,away_pitcher_scottta02,2.9965541560466202e-06
1254,away_pitcher_pruitau01,2.9884739302831393e-06
1255,away_pitcher_coxau01,2.9656898539547804e-06
1256,home_pitcher_delacjo01,2.96402102416559e-06
1257,home_pitcher_woobr01,2.9637453769205444e-06
1258,home_pitcher_romansa01,2.9617248799737513e-06
1259,away_pitcher_lynnla01,2.9365544524414053e-06
1260,away_pitcher_ennsdi01,2.928704451677483e-06
1261,away_pitcher_pukaj01,2.901334189026366e-06
1262,away_pitcher_chiriyo01,2.901090431998238e-06
1263,home_pitcher_jimenda01,2.89861221770157e-06
1264,home_pitcher_tinocje01,2.88693026080506e-06
1265,away_pitcher_fujinsh01,2.884862897271532e-06
1266,away_pitcher_beedety01,2.8725420905498565e-06
1267,home_pitcher_hunteto02,2.8692103173608983e-06
1268,home_pitcher_bleieri01,2.8656132482586063e-06
1269,away_pitcher_phillco01,2.86460910980797e-06
1270,away_pitcher_houckta01,2.847813506697419e-06
1271,home_pitcher_klubeco01,2.847428462101144e-06
1272,away_pitcher_matzst01,2.839257509681474e-06
1273,home_pitcher_shielja02,2.8235047795438555e-06
1274,home_pitcher_skaggty01,2.822400038828086e-06
1275,away_pitcher_zerpaan01,2.8183289145241942e-06
1276,home_pitcher_junkja01,2.8136241798279973e-06
1277,home_pitcher_aguiaju01,2.8127559476905995e-06
1278,away_pitcher_borucry01,2.769253405078194e-06
1279,away_pitcher_toussto01,2.7579445225246414e-06
1280,away_pitcher_cahiltr01,2.7467383179663683e-06
1281,away_pitcher_meyerma01,2.743154020044998e-06
1282,home_pitcher_mayermi01,2.7431362310001007e-06
1283,away_pitcher_lambjo02,2.7338637789566482e-06
1284,away_pitcher_hamelco01,2.727080168967592e-06
1285,away_pitcher_nelsory01,2.726851061149157e-06
1286,away_pitcher_youngal01,2.7238449030356834e-06
1287,home_pitcher_barneja01,2.720407673914357e-06
1288,away_pitcher_cessalu01,2.719049532776532e-06
1289,away_pitcher_garciro03,2.7160210639086683e-06
1290,away_pitcher_wojcias01,2.7130509106808666e-06
1291,away_pitcher_klubeco01,2.6853242237054673e-06
1292,home_pitcher_hessda01,2.6686289608253847e-06
1293,away_pitcher_smithbu03,2.6664702905944463e-06
1294,away_pitcher_ellisch01,2.662969860591013e-06
1295,home_pitcher_thompke02,2.6607617489529707e-06
1296,away_pitcher_desclan01,2.6015635133432337e-06
1297,home_pitcher_litteza01,2.5874600178907055e-06
1298,home_pitcher_mcallza01,2.561206028448415e-06
1299,home_pitcher_rasmudr01,2.5539129731718737e-06
1300,home_pitcher_cannojo02,2.5379799613503796e-06
1301,away_pitcher_poteeco01,2.5159106884168996e-06
1302,home_pitcher_manoaal01,2.493857862852405e-06
1303,away_pitcher_tanakma01,2.4716993359079988e-06
1304,home_pitcher_lambepe01,2.469049918129414e-06
1305,away_pitcher_bridwpa01,2.4665633237479024e-06
1306,away_pitcher_stratch01,2.462100578832069e-06
1307,away_pitcher_deleojo03,2.4255000333678845e-06
1308,home_pitcher_kelletr01,2.418456421663941e-06
1309,home_pitcher_mitchbr01,2.4139755376395977e-06
1310,away_pitcher_sanchcr01,2.4098929653313993e-06
1311,away_pitcher_mayermi01,2.36973459180411e-06
1312,home_pitcher_poteeco01,2.333691705106128e-06
1313,home_pitcher_meansjo01,2.3290345576415508e-06
1314,away_pitcher_brownbe02,2.2933712293836823e-06
1315,home_pitcher_kerkeor01,2.267757828594277e-06
1316,home_pitcher_nanceto01,2.259000935119488e-06
1317,home_pitcher_paxtoja01,2.2064926652235967e-06
1318,home_pitcher_menacr01,2.166075641761767e-06
1319,home_pitcher_bielabr01,2.165625029792754e-06
1320,home_pitcher_dubinsh01,2.1594792204829103e-06
1321,home_pitcher_holmecl01,2.147021894155657e-06
1322,home_pitcher_taylojo02,2.1406383781474485e-06
1323,away_pitcher_rodonca01,2.112415262245603e-06
1324,home_pitcher_kenneia01,2.0726637966502808e-06
1325,away_pitcher_hollade01,2.0619749839428725e-06
1326,away_pitcher_mahlety01,2.0474975491051555e-06
1327,away_pitcher_rasmudr01,1.9906616046123077e-06
1328,home_pitcher_ortizlu02,1.951411801668876e-06
1329,home_pitcher_sanchaa01,1.9010605243801914e-06
1330,home_pitcher_thompza02,1.8899990149530782e-06
1331,away_pitcher_skubata01,1.846439214590864e-06
1332,home_pitcher_montgmi01,1.818756812405411e-06
1333,home_pitcher_pivetni01,1.8165010581894206e-06
1334,away_pitcher_rayro02,1.8161730282009476e-06
1335,home_pitcher_valdece01,1.8145799953172127e-06
1336,home_pitcher_barnema01,1.8124841589834393e-06
1337,home_pitcher_ortka01,1.8111885003555602e-06
1338,away_pitcher_sampsad01,1.794552942738637e-06
1339,away_pitcher_richatr01,1.7939109917670257e-06
1340,away_pitcher_blancro01,1.7905142536780873e-06
1341,home_pitcher_plassmi01,1.7593100299867215e-06
1342,away_pitcher_taylojo02,1.3171302098570047e-06
1343,home_pitcher_pilkiko01,1.2109378179983765e-06
1344,away_pitcher_megiltr01,1.206212675080255e-06
1345,away_pitcher_tylerky01,1.0675542050141145e-06
1346,away_pitcher_eovalna01,1.0274184467332776e-06
1347,away_pitcher_dubinsh01,8.228478394016379e-07
1348,away_pitcher_medinad01,7.024888690687178e-07
1349,home_pitcher_bettich01,6.055003527298067e-07
1350,home_pitcher_smithbu03,5.907197712213604e-07
1351,away_pitcher_jorgefe01,5.432440887487883e-07
1352,home_pitcher_tanakma01,5.404270887810797e-07
1353,away_pitcher_clippty01,5.328490531575631e-07
1354,home_pitcher_osullse01,4.84251298463608e-07
1355,away_pitcher_mccarbr01,4.2870090664307273e-07
1356,home_pitcher_castilu02,3.1700511753156365e-07
1357,away_pitcher_flexech01,1.3657650080877374e-07
1358,away_pitcher_anderdr02,1.2929577469085288e-07
1359,away_pitcher_gilbelo01,1.0208447224100586e-07
1360,away_pitcher_rasmuco02,8.86187244663724e-08
1361,away_pitcher_slegeaa01,8.644556504725357e-08
1362,home_pitcher_haleda02,7.315881653626091e-08
1363,home_pitcher_scherma01,6.020279809468188e-08
1364,away_pitcher_givenmy01,5.9974547518995e-08
1365,home_pitcher_nicasju01,5.072155525716833e-08
1366,home_pitcher_ellisch01,3.296693672725212e-08
1367,away_pitcher_mlodzca01,2.752202775365144e-08
1368,home_pitcher_gibsoky01,1.758747065306543e-08
1369,home_pitcher_leclejo01,1.7135628487198696e-08
1370,away_pitcher_tarnofr01,1.2650003652148049e-08
1371,away_pitcher_martini01,1.0340947425066118e-08
1372,home_pitcher_thorple01,7.838444628885787e-09
1373,away_pitcher_elderbr01,6.038884193612879e-09
1374,home_pitcher_steelju01,0.0
1375,home_pitcher_givenmy01,0.0
1376,away_pitcher_fariaja01,0.0
1377,home_pitcher_stephja01,0.0
1378,home_pitcher_stewako01,0.0
1379,home_pitcher_stockro01,0.0
1380,home_pitcher_kellyza01,0.0
1381,home_pitcher_kittran01,0.0
1382,home_pitcher_surkaer01,0.0
1383,home_pitcher_tarnofr01,0.0
1384,home_pitcher_teperry01,0.0
1385,away_pitcher_eschja01,0.0
1386,away_pitcher_escobed02,0.0
1387,away_pitcher_estrama01,0.0
1388,away_pitcher_falteba01,0.0
1389,away_pitcher_funkhky01,0.0
1390,away_pitcher_feierry01,0.0
1391,away_pitcher_flaheja01,0.0
1392,away_pitcher_grayjo03,0.0
1393,away_pitcher_greench03,0.0
1394,home_pitcher_gombeau01,0.0
1395,away_pitcher_collmjo01,0.0
1396,away_pitcher_claudal01,0.0
1397,home_pitcher_henlebl01,0.0
1398,home_pitcher_heasljo01,0.0
1399,home_pitcher_harriho03,0.0
1400,away_pitcher_detwiro01,0.0
1401,away_pitcher_delosen01,0.0
1402,away_pitcher_delgara01,0.0
1403,away_pitcher_grayso01,0.0
1404,home_pitcher_frankse01,0.0
1405,home_pitcher_anderch01,0.0
1406,home_pitcher_altavda01,0.0
1407,home_pitcher_harrelu01,0.0
1408,home_pitcher_hardybl01,0.0
1409,home_pitcher_jaxgr01,0.0
1410,home_pitcher_javiecr01,0.0
1411,home_pitcher_suarera01,0.0
1412,home_pitcher_suareal01,0.0
1413,home_pitcher_agrazda01,0.0
1414,home_pitcher_kellyme01,0.0
1415,home_pitcher_kellebr01,0.0
1416,home_pitcher_kazmisc01,0.0
1417,home_pitcher_karnsna01,0.0
1418,home_pitcher_juradar01,0.0
1419,home_pitcher_kleinph01,0.0
1420,home_pitcher_sorokmi01,0.0
1421,home_pitcher_soriajo02,0.0
1422,away_pitcher_colonba01,0.0
1423,home_pitcher_gillu01,0.0
1424,home_pitcher_hollade01,0.0
1425,home_pitcher_hillga02,0.0
1426,home_pitcher_herzdj01,0.0
1427,home_pitcher_gonzama02,0.0
1428,away_pitcher_durapmo01,0.0
1429,away_pitcher_cordeji01,0.0
1430,away_pitcher_coonrsa01,0.0
1431,away_pitcher_contrro01,0.0
1432,home_pitcher_soriage01,0.0
1433,away_pitcher_harriky01,0.0
1434,away_pitcher_harrelu01,0.0
1435,home_pitcher_leedy01,0.0
1436,home_pitcher_leblawa01,0.0
1437,home_pitcher_latzja01,0.0
1438,away_pitcher_gonzami03,0.0
1439,away_pitcher_gonzach01,0.0
1440,away_pitcher_gonsast01,0.0
1441,away_pitcher_floreke01,0.0
1442,away_pitcher_gilbety01,0.0
1443,away_pitcher_guerrja02,0.0
1444,home_pitcher_iglesra01,0.0
1445,away_pitcher_zimmeky01,0.0
1446,away_pitcher_zimmejo02,0.0
1447,away_pitcher_zimmebr02,0.0
1448,home_pitcher_lakintr01,0.0
1449,home_pitcher_kuhlch01,0.0
1450,home_pitcher_kranima01,0.0
1451,away_pitcher_goharlu01,0.0
1452,home_pitcher_sengako01,0.0
1453,home_pitcher_lopezjo02,0.0
1454,home_pitcher_maddety01,0.0
1455,home_pitcher_lynchda02,0.0
1456,home_pitcher_lylesjo01,0.0
1457,home_pitcher_luetglu01,0.0
1458,away_pitcher_hestoch01,0.0
1459,away_pitcher_herzdj01,0.0
1460,away_pitcher_headlo01,0.0
1461,home_pitcher_latosma01,0.0
1462,home_pitcher_junisja01,0.0
1463,home_pitcher_lucasjo02,0.0
1464,home_pitcher_lowthza01,0.0
1465,home_pitcher_loupaa01,0.0
1466,home_pitcher_lorenmi01,0.0
1467,home_pitcher_lopezre01,0.0
1468,home_pitcher_lopezpa01,0.0
1469,away_pitcher_heanean01,0.0
1470,away_pitcher_hernael01,0.0
1471,home_pitcher_speiega01,0.0
1472,home_pitcher_sparkgl01,0.0
1473,away_pitcher_galleza01,0.0
1474,away_pitcher_gagnodr01,0.0
1475,home_pitcher_santihe01,0.0
1476,home_pitcher_santaer01,0.0
1477,home_pitcher_santade01,0.0
1478,away_pitcher_germado01,0.0
1479,home_pitcher_kopecmi01,0.0
1480,away_pitcher_gausmke01,0.0
1481,away_pitcher_fryja01,0.0
1482,away_pitcher_friedma01,0.0
1483,away_pitcher_garciri01,0.0
1484,away_pitcher_garcion01,0.0
1485,away_pitcher_garabge01,0.0
1486,away_pitcher_gantjo01,0.0
1487,away_pitcher_griffaj01,0.0
1488,away_pitcher_greenhu01,0.0
1489,away_pitcher_gavigsa01,0.0
1490,home_pitcher_sheehem01,0.0
1491,home_pitcher_shawbr01,0.0
1492,home_pitcher_hurtky01,0.0
1493,home_pitcher_howarsp01,0.0
1494,home_pitcher_holtoty01,0.0
1495,home_pitcher_jamesjo02,0.0
1496,home_pitcher_jamesdr01,0.0
1497,home_pitcher_irvinco01,0.0
1498,home_pitcher_seaboco01,0.0
1499,home_pitcher_spencmi01,0.0
1500,home_pitcher_schmicl01,0.0
1501,home_pitcher_singebr01,0.0
1502,home_pitcher_simslu01,0.0
1503,home_pitcher_shustja01,0.0
1504,home_pitcher_shoemma01,0.0
1505,home_pitcher_snideco01,0.0
1506,home_pitcher_smithri01,0.0
1507,home_pitcher_smithjo07,0.0
1508,home_pitcher_smithca03,0.0
1509,home_pitcher_scottta02,0.0
1510,away_pitcher_ramosce01,0.0
1511,away_pitcher_ramirno01,0.0
1512,away_pitcher_ramirjc01,0.0
1513,home_pitcher_mckaybr01,0.0
1514,home_pitcher_yajurmi01,0.0
1515,home_pitcher_wrighky01,0.0
1516,home_pitcher_woodfja01,0.0
1517,home_pitcher_cabreed02,0.0
1518,away_pitcher_davieza02,0.0
1519,home_pitcher_bushma01,0.0
1520,home_pitcher_cavalca01,0.0
1521,home_pitcher_yanghy01,0.0
1522,away_pitcher_baileho02,0.0
1523,away_pitcher_arroybr01,0.0
1524,home_pitcher_wojcias01,0.0
1525,home_pitcher_wittgni01,0.0
1526,home_pitcher_winnke01,0.0
1527,away_pitcher_andrima01,0.0
1528,home_pitcher_buttojo01,0.0
1529,home_pitcher_beeksja02,0.0
1530,home_pitcher_beedety01,0.0
1531,home_pitcher_brashma01,0.0
1532,home_pitcher_bradfco01,0.0
1533,home_pitcher_boylejo01,0.0
1534,home_pitcher_bundydy01,0.0
1535,home_pitcher_buchhcl01,0.0
1536,home_pitcher_buchaja01,0.0
1537,home_pitcher_bruihju01,0.0
1538,home_pitcher_castada01,0.0
1539,away_pitcher_brownhu01,0.0
1540,away_pitcher_brogdco01,0.0
1541,away_pitcher_britojh01,0.0
1542,away_pitcher_brebbjo01,0.0
1543,away_pitcher_braulst01,0.0
1544,home_pitcher_bridwpa01,0.0
1545,home_pitcher_brebbjo01,0.0
1546,home_pitcher_braulst01,0.0
1547,home_pitcher_castery01,0.0
1548,home_pitcher_brownbe02,0.0
1549,home_pitcher_fistedo01,0.0
1550,home_pitcher_feierry01,0.0
1551,home_pitcher_farmebu01,0.0
1552,home_pitcher_falteba01,0.0
1553,home_pitcher_wilkeaa01,0.0
1554,home_pitcher_wielajo01,0.0
1555,home_pitcher_whitlga01,0.0
1556,home_pitcher_whitebr01,0.0
1557,home_pitcher_wheelza01,0.0
1558,away_pitcher_anderty01,0.0
1559,away_pitcher_barneja01,0.0
1560,away_pitcher_bardlu01,0.0
1561,away_pitcher_cantijo01,0.0
1562,away_pitcher_cannigr01,0.0
1563,away_pitcher_cabreed02,0.0
1564,home_pitcher_wellsty01,0.0
1565,home_pitcher_weberry01,0.0
1566,home_pitcher_weathry01,0.0
1567,home_pitcher_warread01,0.0
1568,away_pitcher_bassan01,0.0
1569,home_pitcher_eickhje01,0.0
1570,home_pitcher_durapmo01,0.0
1571,home_pitcher_duggero01,0.0
1572,home_pitcher_desclan01,0.0
1573,away_pitcher_armenro01,0.0
1574,away_pitcher_aquinja01,0.0
1575,home_pitcher_zimmebr02,0.0
1576,home_pitcher_youngal01,0.0
1577,home_pitcher_estrama01,0.0
1578,away_pitcher_bassobr01,0.0
1579,home_pitcher_bonilli01,0.0
1580,home_pitcher_fontwi01,0.0
1581,home_pitcher_floreke01,0.0
1582,home_pitcher_flaheja01,0.0
1583,away_pitcher_bidoos01,0.0
1584,away_pitcher_bergetr01,0.0
1585,away_pitcher_bandaan01,0.0
1586,away_pitcher_bakerbr01,0.0
1587,away_pitcher_bazsh01,0.0
1588,home_pitcher_bowlajo01,0.0
1589,home_pitcher_germado01,0.0
1590,home_pitcher_arroybr01,0.0
1591,home_pitcher_arrieja01,0.0
1592,home_pitcher_archech01,0.0
1593,home_pitcher_greensh02,0.0
1594,home_pitcher_gracema02,0.0
1595,home_pitcher_gosseda01,0.0
1596,home_pitcher_gordota01,0.0
1597,away_pitcher_cuetojo01,0.0
1598,home_pitcher_bellaan01,0.0
1599,away_pitcher_cortene01,0.0
1600,home_pitcher_aquinja01,0.0
1601,home_pitcher_andrima01,0.0
1602,home_pitcher_anderty01,0.0
1603,home_pitcher_gilbrlu01,0.0
1604,away_pitcher_castada01,0.0
1605,away_pitcher_clarkta01,0.0
1606,away_pitcher_chaveje01,0.0
1607,away_pitcher_chatwty01,0.0
1608,away_pitcher_cuasjo01,0.0
1609,home_pitcher_thorpdr01,0.0
1610,home_pitcher_thompza01,0.0
1611,home_pitcher_alexaja01,0.0
1612,home_pitcher_aldegsa01,0.0
1613,home_pitcher_alcanra01,0.0
1614,home_pitcher_rodonca01,0.0
1615,away_pitcher_davidtu01,0.0
1616,away_pitcher_darviyu01,0.0
1617,away_pitcher_danksjo01,0.0
1618,away_pitcher_davisro03,0.0
1619,away_pitcher_curtijo02,0.0
1620,home_pitcher_stridsp01,0.0
1621,away_pitcher_degroja01,0.0
1622,home_pitcher_gonzami03,0.0
1623,home_pitcher_hamelco01,0.0
1624,home_pitcher_halldl01,0.0
1625,home_pitcher_gutievl01,0.0
1626,home_pitcher_guthrje01,0.0
1627,home_pitcher_grovemi01,0.0
1628,away_pitcher_danisty01,0.0
1629,home_pitcher_uriasju01,0.0
1630,home_pitcher_turneja01,0.0
1631,home_pitcher_tuivasa01,0.0
1632,home_pitcher_vogelry01,0.0
1633,home_pitcher_velazhe01,0.0
1634,home_pitcher_varlalo01,0.0
1635,home_pitcher_bauertr01,0.0
1636,away_pitcher_bushma01,0.0
1637,away_pitcher_bushky01,0.0
1638,away_pitcher_chargjt01,0.0
1639,away_pitcher_buchhcl01,0.0
1640,away_pitcher_buchaja01,0.0
1641,home_pitcher_trivilo01,0.0
1642,home_pitcher_toussto01,0.0
1643,home_pitcher_banksta01,0.0
1644,home_pitcher_bakerbr01,0.0
1645,home_pitcher_baileho02,0.0
1646,home_pitcher_bergetr01,0.0
1647,home_pitcher_benjawe01,0.0
1648,away_pitcher_burkebr01,0.0
1649,away_pitcher_bradiky01,0.0
1650,away_pitcher_bradfco01,0.0
1651,away_pitcher_bonilli01,0.0
1652,home_pitcher_garabge01,0.0
1653,home_pitcher_gagnodr01,0.0
1654,home_pitcher_funkhky01,0.0
1655,home_pitcher_gavigsa01,0.0
1656,home_pitcher_gausmke01,0.0
1657,home_pitcher_garcilu03,0.0
1658,home_pitcher_urquijo01,0.0
1659,away_pitcher_castilu02,0.0
1660,home_pitcher_vargaja01,0.0
1661,home_pitcher_blachty01,0.0
1662,home_pitcher_biggehu01,0.0
1663,home_pitcher_biebesh01,0.0
1664,home_pitcher_eovalna01,0.0
1665,home_pitcher_blossja01,0.0
1666,home_pitcher_garcibr01,0.0
1667,away_pitcher_deanpa02,0.0
1668,away_pitcher_cavalca01,0.0
1669,away_pitcher_moretda01,0.0
1670,away_pitcher_montgmi01,0.0
1671,home_pitcher_norribu01,0.0
1672,home_pitcher_nolinse01,0.0
1673,home_pitcher_nolasri01,0.0
1674,home_pitcher_nolaaa01,0.0
1675,home_pitcher_mengdda01,0.0
1676,away_pitcher_montgjo01,0.0
1677,away_pitcher_winnke01,0.0
1678,away_pitcher_molinan01,0.0
1679,away_pitcher_mitchbr01,0.0
1680,away_pitcher_miranar01,0.0
1681,away_pitcher_minormi01,0.0
1682,away_pitcher_severlu01,0.0
1683,home_pitcher_mejiaad01,0.0
1684,home_pitcher_megilty01,0.0
1685,home_pitcher_medinlu02,0.0
1686,home_pitcher_medinad01,0.0
1687,away_pitcher_mollsa01,0.0
1688,away_pitcher_oviedlu01,0.0
1689,away_pitcher_meyeral01,0.0
1690,away_pitcher_odorija01,0.0
1691,away_pitcher_obrieri01,0.0
1692,away_pitcher_novaiv01,0.0
1693,away_pitcher_nolaaa01,0.0
1694,away_pitcher_noesihe01,0.0
1695,away_pitcher_niesejo01,0.0
1696,away_pitcher_overtdi01,0.0
1697,away_pitcher_mortoch02,0.0
1698,away_pitcher_peralfr01,0.0
1699,away_pitcher_pepiory01,0.0
1700,away_pitcher_penafe01,0.0
1701,away_pitcher_nicasju01,0.0
1702,away_pitcher_newcose01,0.0
1703,away_pitcher_nelsoky01,0.0
1704,away_pitcher_naughpa01,0.0
1705,away_pitcher_nastrni01,0.0
1706,away_pitcher_mulleky01,0.0
1707,away_pitcher_ohtansh01,0.0
1708,away_pitcher_rosenke01,0.0
1709,away_pitcher_santihe01,0.0
1710,away_pitcher_santaer01,0.0
1711,away_pitcher_sandlni01,0.0
1712,away_pitcher_sanchsi01,0.0
1713,away_pitcher_sanchan01,0.0
1714,home_pitcher_mcderch01,0.0
1715,home_pitcher_mcculla02,0.0
1716,home_pitcher_mileywa01,0.0
1717,away_pitcher_smallet01,0.0
1718,away_pitcher_skaggty01,0.0
1719,away_pitcher_salech01,0.0
1720,away_pitcher_salazda01,0.0
1721,home_pitcher_niesejo01,0.0
1722,home_pitcher_olsonre01,0.0
1723,home_pitcher_ollerad01,0.0
1724,away_pitcher_simslu01,0.0
1725,away_pitcher_shustja01,0.0
1726,away_pitcher_smithca03,0.0
1727,home_pitcher_meyerma01,0.0
1728,home_pitcher_meyeral01,0.0
1729,away_pitcher_sengako01,0.0
1730,away_pitcher_seaboco01,0.0
1731,away_pitcher_scribtr01,0.0
1732,away_pitcher_schmicl01,0.0
1733,home_pitcher_margeni01,0.0
1734,away_pitcher_shoemma01,0.0
1735,away_pitcher_shielja02,0.0
1736,away_pitcher_ruizjo01,0.0
1737,away_pitcher_sampske01,0.0
1738,away_pitcher_mckentr01,0.0
1739,home_pitcher_paganem01,0.0
1740,home_pitcher_paddach01,0.0
1741,home_pitcher_owenshe02,0.0
1742,home_pitcher_overtdi01,0.0
1743,away_pitcher_mejiahu01,0.0
1744,away_pitcher_mejiaad01,0.0
1745,away_pitcher_ryanjo04,0.0
1746,away_pitcher_sheffju01,0.0
1747,home_pitcher_delosen01,0.0
1748,away_pitcher_anderch01,0.0
1749,away_pitcher_anderbr04,0.0
1750,away_pitcher_alvarjo03,0.0
1751,away_pitcher_altavda01,0.0
1752,away_pitcher_benjawe01,0.0
1753,away_pitcher_bellova01,0.0
1754,home_pitcher_winckjo01,0.0
1755,away_pitcher_owenshe02,0.0
1756,away_pitcher_bleieri01,0.0
1757,away_pitcher_blalobr01,0.0
1758,away_pitcher_alexaja01,0.0
1759,away_pitcher_pivetni01,0.0
1760,away_pitcher_peavyja01,0.0
1761,away_pitcher_peacoma01,0.0
1762,away_pitcher_peacobr01,0.0
1763,away_pitcher_paulida01,0.0
1764,away_pitcher_palumjo01,0.0
1765,away_pitcher_blossja01,0.0
1766,home_pitcher_coleta01,0.0
1767,home_pitcher_waltean01,0.0
1768,home_pitcher_delgara01,0.0
1769,home_pitcher_deleojo03,0.0
1770,home_pitcher_darviyu01,0.0
1771,home_pitcher_clevimi01,0.0
1772,home_pitcher_davisno01,0.0
1773,home_pitcher_claudal01,0.0
1774,home_pitcher_clarkta01,0.0
1775,away_pitcher_agrazda01,0.0
1776,home_pitcher_contrro01,0.0
1777,home_pitcher_coonrsa01,0.0
1778,home_pitcher_coxau01,0.0
1779,home_pitcher_crowewi01,0.0
1780,home_pitcher_chacijh01,0.0
1781,home_pitcher_cuasjo01,0.0
1782,home_pitcher_ceccosl01,0.0
1783,home_pitcher_cuetojo01,0.0
1784,away_pitcher_alcanra01,0.0
1785,home_pitcher_davisro03,0.0
1786,home_pitcher_naughpa01,0.0
1787,home_pitcher_musgrjo01,0.0
1788,home_pitcher_munozro01,0.0
1789,away_pitcher_roarkta01,0.0
1790,home_pitcher_minormi01,0.0
1791,away_pitcher_merryju01,0.0
1792,away_pitcher_mengdda01,0.0
1793,away_pitcher_menezco01,0.0
1794,away_pitcher_perdolu02,0.0
1795,away_pitcher_milneho01,0.0
1796,away_pitcher_milleer01,0.0
1797,away_pitcher_millebr04,0.0
1798,away_pitcher_mileywa01,0.0
1799,away_pitcher_ogradch01,0.0
1800,home_pitcher_montgjo01,0.0
1801,home_pitcher_monteke01,0.0
1802,home_pitcher_molinan01,0.0
1803,home_pitcher_miranar01,0.0
1804,away_pitcher_mendeyo01,0.0
1805,away_pitcher_peralwa01,0.0
1806,away_pitcher_pinedmi01,0.0
1807,away_pitcher_pillty01,0.0
1808,away_pitcher_pilkiko01,0.0
1809,away_pitcher_phelpda01,0.0
1810,away_pitcher_priesqu01,0.0
1811,away_pitcher_poynebo01,0.0
1812,away_pitcher_porceri01,0.0
1813,away_pitcher_plutkad01,0.0
1814,home_pitcher_morrico01,0.0
1815,home_pitcher_millety01,0.0
1816,away_pitcher_rosajo01,0.0
1817,away_pitcher_rondohe01,0.0
1818,away_pitcher_romerfe01,0.0
1819,away_pitcher_rogerjo01,0.0
1820,away_pitcher_rodriye01,0.0
1821,away_pitcher_rodrira02,0.0
1822,home_pitcher_mulleky01,0.0
1823,home_pitcher_mortoch02,0.0
1824,home_pitcher_milneho01,0.0
1825,away_pitcher_junisja01,0.0
1826,away_pitcher_jimenda01,0.0
1827,away_pitcher_kleinph01,0.0
1828,away_pitcher_kittran01,0.0
1829,away_pitcher_kellyme01,0.0
1830,home_pitcher_lopezja04,0.0
1831,home_pitcher_llovema01,0.0
1832,away_pitcher_thompza01,0.0
1833,home_pitcher_mcgowky01,0.0
1834,away_pitcher_turnbsp01,0.0
1835,away_pitcher_tomlijo01,0.0
1836,home_pitcher_richatr01,0.0
1837,home_pitcher_reidfse01,0.0
1838,home_pitcher_reedco01,0.0
1839,home_pitcher_lewicar01,0.0
1840,away_pitcher_wielajo01,0.0
1841,away_pitcher_whitlga01,0.0
1842,away_pitcher_whitlch01,0.0
1843,away_pitcher_thompke02,0.0
1844,away_pitcher_snellbl01,0.0
1845,away_pitcher_smithri01,0.0
1846,away_pitcher_smithjo07,0.0
1847,away_pitcher_lambepe01,0.0
1848,away_pitcher_vargaja01,0.0
1849,away_pitcher_urquijo01,0.0
1850,away_pitcher_uriasju01,0.0
1851,away_pitcher_urenajo01,0.0
1852,away_pitcher_underdu01,0.0
1853,away_pitcher_thorpdr01,0.0
1854,home_pitcher_sampske01,0.0
1855,home_pitcher_samarje01,0.0
1856,home_pitcher_ryanjo04,0.0
1857,home_pitcher_ruizjo01,0.0
1858,home_pitcher_rowlech01,0.0
1859,away_pitcher_holtoty01,0.0
1860,away_pitcher_holmecl01,0.0
1861,away_pitcher_hillri01,0.0
1862,away_pitcher_thorple01,0.0
1863,away_pitcher_vesiaal01,0.0
1864,away_pitcher_woodssi01,0.0
1865,away_pitcher_waldrhu01,0.0
1866,away_pitcher_volqued01,0.0
1867,away_pitcher_vogelry01,0.0
1868,home_pitcher_sandlni01,0.0
1869,home_pitcher_sanchcr01,0.0
1870,away_pitcher_woodrbr01,0.0
1871,away_pitcher_woodhu01,0.0
1872,away_pitcher_whitebr01,0.0
1873,away_pitcher_wittgni01,0.0
1874,home_pitcher_collmjo01,0.0
1875,away_pitcher_windejo01,0.0
1876,away_pitcher_henlebl01,0.0
1877,home_pitcher_romerfe01,0.0
1878,home_pitcher_romdr01,0.0
1879,home_pitcher_rogerjo01,0.0
1880,home_pitcher_rodriye01,0.0
1881,home_pitcher_rodrira02,0.0
1882,away_pitcher_woodal02,0.0
1883,home_pitcher_porceri01,0.0
1884,away_pitcher_javiecr01,0.0
1885,away_pitcher_jamesjo02,0.0
1886,away_pitcher_hammeja01,0.0
1887,away_pitcher_halldl01,0.0
1888,away_pitcher_haleda02,0.0
1889,away_pitcher_gutievl01,0.0
1890,away_pitcher_heasljo01,0.0
1891,away_pitcher_vinesda01,0.0
1892,away_pitcher_wrighky01,0.0
1893,away_pitcher_wentzjo01,0.0
1894,away_pitcher_wellsal01,0.0
1895,away_pitcher_walkery01,0.0
1896,away_pitcher_iglesra01,0.0
1897,away_pitcher_huffda01,0.0
1898,home_pitcher_priceda01,0.0
1899,away_pitcher_winckjo01,0.0
1900,away_pitcher_yacabji01,0.0
1901,away_pitcher_wroblju01,0.0
1902,away_pitcher_vestwi01,0.0
1903,away_pitcher_marquge01,0.0
1904,away_pitcher_margeni01,0.0
1905,away_pitcher_stridsp01,0.0
1906,away_pitcher_stewako01,0.0
1907,away_pitcher_medinlu02,0.0
1908,away_pitcher_meansjo01,0.0
1909,away_pitcher_maedake01,0.0
1910,away_pitcher_maddety01,0.0
1911,away_pitcher_snideco01,0.0
1912,away_pitcher_lylesjo01,0.0
1913,away_pitcher_lowderh01,0.0
1914,away_pitcher_loupaa01,0.0
1915,away_pitcher_lorenmi01,0.0
1916,away_pitcher_kuhlch01,0.0
1917,away_pitcher_kranima01,0.0
1918,away_pitcher_knehrre01,0.0
1919,away_pitcher_leblawa01,0.0
1920,away_pitcher_latosma01,0.0
1921,away_pitcher_lynchda02,0.0
1922,home_pitcher_mcfartj01,0.0
1923,home_pitcher_mccarki01,0.0
1924,home_pitcher_matzst01,0.0
1925,home_pitcher_matonph01,0.0
1926,away_pitcher_maytr01,0.0
1927,away_pitcher_matonph01,0.0
1928,away_pitcher_marveja01,0.0
1929,away_pitcher_martida03,0.0
1930,away_pitcher_stewabr01,0.0
1931,away_pitcher_martiad01,0.0
1932,away_pitcher_sulseco01,0.0
1933,away_pitcher_suarera01,0.0
1934,away_pitcher_stromma01,0.0
1935,away_pitcher_stripro01,0.0
1936,home_pitcher_martini01,0.0
1937,home_pitcher_martica04,0.0
1938,away_pitcher_luzarje01,0.0
1939,away_pitcher_martica04,0.0
1940,away_pitcher_martibr01,0.0
1941,away_pitcher_stephro01,0.0
1942,home_pitcher_penafe01,0.0
1943,home_pitcher_pelfrmi01,0.0
1944,home_pitcher_peavyja01,0.0
1945,home_pitcher_pearsna01,0.0
1946,home_pitcher_ramosce01,0.0
1947,away_pitcher_jenkity01,0.0
1948,home_pitcher_roberni01,0.0
1949,away_pitcher_smithdr01,0.0
1950,away_pitcher_spierca01,0.0
1951,away_pitcher_lopezpa01,0.0
1952,away_pitcher_soriajo02,0.0
1953,away_pitcher_soriajo01,0.0
1954,home_pitcher_peacoma01,0.0
1955,away_pitcher_lewicar01,0.0
1956,home_pitcher_peralwa01,0.0
1957,away_pitcher_ventuyo01,0.0
1958,away_pitcher_velasvi01,0.0
1959,away_pitcher_varlalo01,0.0
1960,away_pitcher_soriage01,0.0
1961,away_pitcher_speiega01,0.0
1962,away_pitcher_lopezja04,0.0
1963,away_pitcher_longsa01,0.0
1964,away_pitcher_lockeje01,0.0
1965,away_pitcher_llovema01,0.0
1966,away_pitcher_luetglu01,0.0
1967,away_pitcher_lucasjo02,0.0
1968,away_pitcher_lowthza01,0.0
1969,home_pitcher_peterda01,0.0
1970,home_pitcher_perezeu02,0.0
1971,home_pitcher_peralfr01,0.0
1972,away_pitcher_litteza01,0.0
1973,away_pitcher_liberma01,0.0
1974,home_pitcher_pinedmi01,0.0
1975,away_pitcher_mcfartj01,0.0
1976,away_pitcher_mcderch01,0.0
1977,away_pitcher_mcclash01,0.0
1978,away_pitcher_mcartja01,0.0
1979,home_pitcher_phelpda01,0.0
1980,home_pitcher_petityu01,0.0
1981,away_pitcher_littllu01,0.0
