id,home_time_win
0,0
1,0
2,1
3,0
4,1
5,0
6,1
7,0
8,1
9,1
10,0
11,1
12,0
13,1
14,1
15,1
16,1
17,0
18,1
19,1
20,1
21,1
22,1
23,1
24,0
25,0
26,1
27,0
28,0
29,0
30,1
31,0
32,1
33,0
34,1
35,1
36,1
37,1
38,1
39,0
40,1
41,1
42,1
43,1
44,1
45,0
46,0
47,1
48,1
49,1
50,1
51,1
52,1
53,1
54,1
55,1
56,1
57,1
58,0
59,0
60,1
61,0
62,0
63,1
64,0
65,1
66,1
67,1
68,0
69,1
70,0
71,1
72,0
73,1
74,0
75,0
76,1
77,1
78,1
79,1
80,1
81,1
82,0
83,0
84,0
85,0
86,1
87,1
88,0
89,1
90,1
91,0
92,1
93,0
94,1
95,0
96,1
97,1
98,1
99,1
100,1
101,1
102,0
103,1
104,1
105,1
106,1
107,0
108,1
109,0
110,1
111,1
112,1
113,0
114,0
115,0
116,1
117,0
118,1
119,1
120,1
121,0
122,0
123,1
124,1
125,1
126,1
127,1
128,1
129,0
130,0
131,1
132,0
133,1
134,0
135,1
136,0
137,0
138,1
139,1
140,1
141,1
142,0
143,0
144,1
145,1
146,1
147,0
148,1
149,1
150,1
151,1
152,1
153,0
154,0
155,1
156,0
157,1
158,1
159,1
160,1
161,1
162,1
163,1
164,1
165,1
166,1
167,1
168,1
169,1
170,1
171,1
172,1
173,1
174,0
175,0
176,1
177,0
178,0
179,1
180,1
181,1
182,1
183,1
184,1
185,1
186,0
187,1
188,1
189,1
190,0
191,0
192,0
193,1
194,1
195,1
196,1
197,1
198,0
199,1
200,0
201,1
202,1
203,1
204,1
205,1
206,0
207,1
208,0
209,0
210,1
211,0
212,1
213,1
214,1
215,0
216,1
217,1
218,0
219,1
220,1
221,1
222,1
223,0
224,0
225,1
226,1
227,1
228,1
229,1
230,1
231,1
232,1
233,0
234,0
235,1
236,0
237,1
238,0
239,1
240,1
241,0
242,1
243,0
244,1
245,0
246,0
247,0
248,0
249,0
250,1
251,0
252,0
253,1
254,1
255,1
256,1
257,1
258,1
259,0
260,1
261,1
262,1
263,0
264,1
265,0
266,1
267,1
268,1
269,1
270,1
271,1
272,1
273,1
274,0
275,1
276,1
277,1
278,0
279,0
280,1
281,0
282,1
283,1
284,1
285,0
286,1
287,1
288,0
289,0
290,1
291,1
292,1
293,0
294,1
295,1
296,1
297,1
298,1
299,1
300,1
301,1
302,1
303,1
304,1
305,0
306,1
307,1
308,1
309,0
310,0
311,1
312,0
313,0
314,1
315,0
316,0
317,0
318,0
319,1
320,1
321,0
322,1
323,1
324,1
325,1
326,1
327,0
328,1
329,1
330,0
331,0
332,1
333,0
334,1
335,1
336,1
337,1
338,0
339,1
340,1
341,1
342,1
343,1
344,0
345,1
346,1
347,1
348,1
349,0
350,0
351,1
352,0
353,0
354,1
355,1
356,1
357,0
358,1
359,1
360,0
361,1
362,1
363,1
364,0
365,1
366,0
367,1
368,0
369,1
370,1
371,0
372,0
373,0
374,0
375,1
376,0
377,0
378,1
379,1
380,1
381,1
382,0
383,1
384,1
385,1
386,1
387,1
388,1
389,0
390,1
391,1
392,1
393,1
394,1
395,1
396,1
397,0
398,1
399,1
400,1
401,0
402,0
403,0
404,1
405,1
406,0
407,1
408,0
409,1
410,1
411,0
412,0
413,0
414,1
415,0
416,0
417,0
418,1
419,0
420,1
421,0
422,1
423,0
424,1
425,1
426,1
427,0
428,1
429,1
430,0
431,1
432,1
433,1
434,1
435,0
436,1
437,1
438,1
439,1
440,1
441,0
442,0
443,0
444,0
445,1
446,1
447,0
448,1
449,1
450,0
451,1
452,1
453,1
454,1
455,1
456,1
457,1
458,0
459,1
460,0
461,0
462,1
463,1
464,1
465,1
466,0
467,0
468,0
469,1
470,1
471,0
472,0
473,0
474,0
475,1
476,0
477,1
478,1
479,1
480,1
481,1
482,1
483,0
484,0
485,1
486,1
487,1
488,1
489,0
490,0
491,0
492,1
493,1
494,1
495,1
496,1
497,1
498,1
499,1
500,1
501,1
502,1
503,1
504,0
505,0
506,1
507,0
508,1
509,1
510,1
511,1
512,1
513,1
514,1
515,1
516,1
517,0
518,1
519,1
520,1
521,1
522,1
523,1
524,1
525,1
526,1
527,1
528,1
529,1
530,1
531,1
532,0
533,0
534,0
535,1
536,0
537,1
538,1
539,1
540,1
541,1
542,1
543,0
544,1
545,1
546,0
547,1
548,1
549,1
550,1
551,1
552,1
553,1
554,1
555,1
556,0
557,0
558,1
559,1
560,0
561,0
562,0
563,1
564,1
565,0
566,1
567,1
568,1
569,0
570,1
571,0
572,1
573,0
574,0
575,1
576,0
577,1
578,0
579,1
580,1
581,1
582,1
583,1
584,1
585,1
586,1
587,0
588,0
589,1
590,1
591,1
592,1
593,1
594,1
595,1
596,1
597,0
598,1
599,0
600,1
601,0
602,1
603,1
604,1
605,1
606,1
607,1
608,0
609,0
610,0
611,1
612,1
613,0
614,0
615,1
616,1
617,1
618,0
619,1
620,1
621,1
622,1
623,1
624,1
625,0
626,1
627,1
628,1
629,1
630,1
631,1
632,0
633,1
634,0
635,1
636,1
637,1
638,0
639,1
640,1
641,1
642,1
643,1
644,0
645,0
646,1
647,0
648,1
649,1
650,1
651,1
652,1
653,0
654,1
655,1
656,1
657,0
658,0
659,1
660,1
661,0
662,1
663,0
664,1
665,1
666,1
667,0
668,0
669,0
670,1
671,1
672,1
673,1
674,0
675,1
676,1
677,0
678,1
679,1
680,1
681,0
682,0
683,1
684,1
685,1
686,0
687,1
688,0
689,1
690,1
691,0
692,1
693,0
694,0
695,1
696,1
697,1
698,1
699,1
700,1
701,1
702,1
703,0
704,1
705,1
706,1
707,1
708,1
709,1
710,1
711,1
712,0
713,1
714,1
715,1
716,0
717,0
718,1
719,1
720,1
721,1
722,0
723,1
724,1
725,0
726,1
727,1
728,1
729,1
730,0
731,1
732,1
733,0
734,1
735,1
736,1
737,1
738,1
739,1
740,0
741,1
742,1
743,0
744,0
745,1
746,1
747,1
748,1
749,0
750,1
751,0
752,0
753,1
754,0
755,0
756,1
757,1
758,1
759,1
760,1
761,1
762,1
763,0
764,1
765,1
766,1
767,1
768,0
769,0
770,1
771,0
772,1
773,1
774,1
775,1
776,0
777,1
778,0
779,0
780,0
781,1
782,1
783,0
784,1
785,1
786,0
787,0
788,1
789,1
790,1
791,1
792,0
793,1
794,1
795,1
796,0
797,1
798,1
799,1
800,1
801,1
802,1
803,1
804,0
805,1
806,1
807,1
808,1
809,1
810,0
811,0
812,0
813,1
814,0
815,1
816,0
817,1
818,0
819,1
820,1
821,1
822,1
823,0
824,1
825,1
826,1
827,0
828,0
829,0
830,0
831,1
832,0
833,1
834,0
835,0
836,1
837,1
838,0
839,1
840,0
841,0
842,1
843,1
844,1
845,1
846,1
847,1
848,1
849,0
850,1
851,0
852,1
853,0
854,1
855,1
856,1
857,1
858,1
859,1
860,1
861,1
862,1
863,1
864,1
865,1
866,1
867,1
868,1
869,0
870,1
871,1
872,0
873,1
874,0
875,0
876,1
877,0
878,1
879,1
880,0
881,1
882,1
883,0
884,0
885,0
886,0
887,1
888,0
889,0
890,1
891,0
892,1
893,0
894,0
895,1
896,1
897,1
898,0
899,1
900,1
901,1
902,1
903,0
904,1
905,0
906,1
907,1
908,1
909,0
910,0
911,1
912,1
913,0
914,1
915,0
916,0
917,1
918,1
919,1
920,1
921,1
922,0
923,1
924,1
925,1
926,1
927,0
928,1
929,0
930,1
931,0
932,1
933,1
934,1
935,1
936,0
937,1
938,1
939,1
940,1
941,1
942,1
943,1
944,1
945,1
946,1
947,0
948,1
949,0
950,0
951,0
952,0
953,1
954,0
955,0
956,1
957,1
958,1
959,0
960,1
961,0
962,0
963,1
964,1
965,0
966,1
967,0
968,1
969,1
970,1
971,0
972,1
973,0
974,0
975,1
976,0
977,0
978,1
979,0
980,1
981,0
982,1
983,0
984,1
985,0
986,1
987,0
988,1
989,1
990,1
991,0
992,0
993,1
994,1
995,1
996,0
997,0
998,1
999,1
1000,1
1001,0
1002,1
1003,1
1004,0
1005,1
1006,1
1007,1
1008,0
1009,1
1010,1
1011,0
1012,0
1013,1
1014,1
1015,1
1016,1
1017,0
1018,1
1019,1
1020,0
1021,1
1022,1
1023,1
1024,1
1025,1
1026,0
1027,1
1028,1
1029,1
1030,1
1031,1
1032,1
1033,1
1034,0
1035,0
1036,1
1037,0
1038,1
1039,1
1040,0
1041,1
1042,0
1043,0
1044,1
1045,1
1046,1
1047,1
1048,0
1049,0
1050,1
1051,1
1052,1
1053,1
1054,1
1055,1
1056,1
1057,1
1058,0
1059,1
1060,1
1061,1
1062,0
1063,1
1064,1
1065,1
1066,1
1067,1
1068,1
1069,1
1070,1
1071,1
1072,0
1073,1
1074,1
1075,1
1076,0
1077,1
1078,1
1079,0
1080,1
1081,1
1082,1
1083,0
1084,0
1085,1
1086,1
1087,0
1088,1
1089,0
1090,1
1091,0
1092,1
1093,1
1094,0
1095,1
1096,1
1097,1
1098,1
1099,0
1100,1
1101,0
1102,1
1103,1
1104,1
1105,1
1106,0
1107,1
1108,1
1109,1
1110,1
1111,1
1112,1
1113,1
1114,0
1115,1
1116,1
1117,1
1118,1
1119,1
1120,1
1121,1
1122,1
1123,0
1124,1
1125,1
1126,1
1127,1
1128,0
1129,0
1130,1
1131,1
1132,1
1133,0
1134,1
1135,1
1136,1
1137,1
1138,1
1139,0
1140,0
1141,1
1142,1
1143,1
1144,1
1145,0
1146,1
1147,0
1148,0
1149,0
1150,0
1151,1
1152,0
1153,1
1154,1
1155,0
1156,0
1157,1
1158,1
1159,1
1160,0
1161,1
1162,0
1163,1
1164,1
1165,1
1166,0
1167,1
1168,1
1169,1
1170,1
1171,0
1172,0
1173,1
1174,1
1175,0
1176,1
1177,1
1178,0
1179,1
1180,1
1181,0
1182,1
1183,1
1184,1
1185,0
1186,0
1187,1
1188,1
1189,0
1190,1
1191,1
1192,0
1193,1
1194,0
1195,0
1196,1
1197,1
1198,1
1199,0
1200,1
1201,1
1202,1
1203,1
1204,1
1205,1
1206,1
1207,1
1208,0
1209,1
1210,1
1211,0
1212,1
1213,1
1214,1
1215,1
1216,1
1217,0
1218,1
1219,1
1220,0
1221,0
1222,1
1223,1
1224,1
1225,1
1226,1
1227,1
1228,1
1229,1
1230,1
1231,0
1232,1
1233,1
1234,1
1235,1
1236,1
1237,1
1238,1
1239,1
1240,0
1241,1
1242,1
1243,1
1244,0
1245,0
1246,1
1247,1
1248,0
1249,1
1250,0
1251,0
1252,0
1253,0
1254,1
1255,1
1256,0
1257,0
1258,1
1259,0
1260,0
1261,1
1262,1
1263,1
1264,1
1265,1
1266,0
1267,1
1268,0
1269,1
1270,1
1271,1
1272,0
1273,0
1274,1
1275,1
1276,1
1277,0
1278,1
1279,1
1280,0
1281,0
1282,1
1283,0
1284,0
1285,1
1286,1
1287,0
1288,1
1289,0
1290,1
1291,1
1292,1
1293,0
1294,0
1295,1
1296,1
1297,1
1298,0
1299,1
1300,1
1301,0
1302,0
1303,1
1304,1
1305,1
1306,1
1307,1
1308,0
1309,0
1310,1
1311,1
1312,1
1313,0
1314,1
1315,0
1316,1
1317,1
1318,1
1319,1
1320,1
1321,0
1322,1
1323,1
1324,1
1325,1
1326,1
1327,0
1328,1
1329,0
1330,1
1331,0
1332,1
1333,1
1334,1
1335,1
1336,1
1337,1
1338,1
1339,0
1340,0
1341,0
1342,0
1343,1
1344,1
1345,0
1346,0
1347,1
1348,1
1349,1
1350,1
1351,1
1352,1
1353,0
1354,0
1355,0
1356,1
1357,1
1358,0
1359,0
1360,0
1361,0
1362,1
1363,1
1364,1
1365,1
1366,1
1367,1
1368,1
1369,0
1370,0
1371,0
1372,1
1373,1
1374,1
1375,1
1376,0
1377,1
1378,1
1379,1
1380,1
1381,1
1382,0
1383,1
1384,0
1385,0
1386,1
1387,0
1388,0
1389,0
1390,1
1391,1
1392,1
1393,0
1394,0
1395,0
1396,0
1397,1
1398,0
1399,0
1400,0
1401,1
1402,1
1403,0
1404,0
1405,0
1406,1
1407,1
1408,0
1409,1
1410,1
1411,1
1412,0
1413,1
1414,0
1415,1
1416,0
1417,0
1418,1
1419,1
1420,1
1421,1
1422,1
1423,1
1424,0
1425,1
1426,1
1427,0
1428,0
1429,0
1430,1
1431,0
1432,1
1433,0
1434,1
1435,1
1436,0
1437,1
1438,1
1439,1
1440,1
1441,1
1442,1
1443,1
1444,1
1445,0
1446,0
1447,0
1448,0
1449,1
1450,1
1451,1
1452,1
1453,0
1454,0
1455,1
1456,1
1457,1
1458,1
1459,0
1460,1
1461,1
1462,1
1463,1
1464,1
1465,1
1466,1
1467,0
1468,1
1469,1
1470,0
1471,1
1472,0
1473,1
1474,1
1475,0
1476,1
1477,0
1478,0
1479,0
1480,0
1481,1
1482,0
1483,0
1484,0
1485,1
1486,0
1487,1
1488,0
1489,1
1490,0
1491,1
1492,1
1493,1
1494,1
1495,1
1496,1
1497,0
1498,0
1499,1
1500,0
1501,1
1502,0
1503,0
1504,1
1505,1
1506,1
1507,1
1508,1
1509,0
1510,0
1511,1
1512,0
1513,0
1514,0
1515,1
1516,1
1517,1
1518,1
1519,0
1520,1
1521,0
1522,0
1523,0
1524,1
1525,1
1526,1
1527,0
1528,0
1529,1
1530,1
1531,1
1532,0
1533,1
1534,1
1535,0
1536,0
1537,1
1538,0
1539,1
1540,1
1541,1
1542,1
1543,1
1544,1
1545,0
1546,1
1547,1
1548,1
1549,1
1550,1
1551,1
1552,1
1553,0
1554,1
1555,0
1556,1
1557,0
1558,1
1559,1
1560,1
1561,1
1562,1
1563,1
1564,1
1565,1
1566,1
1567,0
1568,1
1569,0
1570,1
1571,0
1572,1
1573,0
1574,1
1575,1
1576,1
1577,0
1578,0
1579,0
1580,1
1581,1
1582,0
1583,1
1584,1
1585,1
1586,1
1587,1
1588,1
1589,1
1590,1
1591,1
1592,1
1593,1
1594,0
1595,1
1596,1
1597,1
1598,1
1599,0
1600,1
1601,0
1602,1
1603,0
1604,1
1605,1
1606,0
1607,0
1608,1
1609,1
1610,1
1611,1
1612,1
1613,0
1614,0
1615,1
1616,0
1617,1
1618,1
1619,0
1620,1
1621,0
1622,1
1623,1
1624,0
1625,1
1626,1
1627,1
1628,0
1629,0
1630,1
1631,1
1632,1
1633,1
1634,1
1635,0
1636,0
1637,1
1638,0
1639,1
1640,1
1641,0
1642,1
1643,0
1644,1
1645,1
1646,0
1647,1
1648,1
1649,0
1650,1
1651,1
1652,0
1653,1
1654,0
1655,1
1656,0
1657,1
1658,0
1659,1
1660,1
1661,1
1662,1
1663,0
1664,1
1665,1
1666,0
1667,0
1668,0
1669,0
1670,1
1671,0
1672,1
1673,0
1674,1
1675,1
1676,1
1677,0
1678,1
1679,1
1680,1
1681,0
1682,1
1683,1
1684,1
1685,0
1686,1
1687,1
1688,0
1689,0
1690,0
1691,0
1692,1
1693,1
1694,1
1695,1
1696,1
1697,1
1698,0
1699,1
1700,1
1701,1
1702,1
1703,0
1704,0
1705,0
1706,0
1707,1
1708,1
1709,1
1710,0
1711,1
1712,0
1713,1
1714,1
1715,1
1716,1
1717,1
1718,0
1719,1
1720,1
1721,1
1722,1
1723,1
1724,1
1725,1
1726,1
1727,1
1728,1
1729,0
1730,1
1731,1
1732,1
1733,0
1734,1
1735,1
1736,0
1737,1
1738,1
1739,0
1740,0
1741,1
1742,1
1743,0
1744,1
1745,1
1746,1
1747,0
1748,1
1749,0
1750,0
1751,1
1752,1
1753,1
1754,1
1755,1
1756,1
1757,0
1758,1
1759,0
1760,1
1761,1
1762,1
1763,0
1764,1
1765,0
1766,1
1767,1
1768,1
1769,0
1770,1
1771,1
1772,1
1773,1
1774,1
1775,0
1776,0
1777,0
1778,1
1779,1
1780,1
1781,1
1782,0
1783,1
1784,1
1785,1
1786,1
1787,1
1788,1
1789,0
1790,1
1791,1
1792,1
1793,1
1794,0
1795,1
1796,1
1797,1
1798,1
1799,1
1800,0
1801,1
1802,1
1803,0
1804,1
1805,1
1806,1
1807,1
1808,1
1809,1
1810,0
1811,0
1812,0
1813,1
1814,1
1815,0
1816,0
1817,0
1818,1
1819,1
1820,1
1821,1
1822,0
1823,0
1824,1
1825,1
1826,0
1827,1
1828,1
1829,1
1830,0
1831,1
1832,1
1833,0
1834,1
1835,1
1836,1
1837,0
1838,0
1839,1
1840,0
1841,0
1842,1
1843,0
1844,1
1845,1
1846,1
1847,1
1848,0
1849,1
1850,0
1851,1
1852,0
1853,1
1854,1
1855,0
1856,1
1857,0
1858,1
1859,1
1860,0
1861,1
1862,1
1863,1
1864,1
1865,1
1866,1
1867,1
1868,1
1869,1
1870,1
1871,0
1872,1
1873,1
1874,1
1875,1
1876,1
1877,1
1878,0
1879,1
1880,1
1881,1
1882,0
1883,0
1884,0
1885,1
1886,1
1887,0
1888,1
1889,0
1890,1
1891,1
1892,1
1893,1
1894,0
1895,1
1896,0
1897,1
1898,1
1899,0
1900,1
1901,1
1902,1
1903,1
1904,1
1905,1
1906,0
1907,1
1908,0
1909,1
1910,1
1911,0
1912,1
1913,0
1914,1
1915,1
1916,0
1917,1
1918,0
1919,0
1920,1
1921,1
1922,0
1923,0
1924,1
1925,1
1926,1
1927,1
1928,1
1929,1
1930,1
1931,1
1932,0
1933,0
1934,1
1935,0
1936,1
1937,1
1938,1
1939,1
1940,0
1941,0
1942,1
1943,1
1944,1
1945,1
1946,0
1947,1
1948,1
1949,1
1950,1
1951,1
1952,0
1953,0
1954,1
1955,1
1956,0
1957,1
1958,1
1959,1
1960,1
1961,1
1962,1
1963,1
1964,0
1965,0
1966,1
1967,1
1968,1
1969,1
1970,1
1971,0
1972,0
1973,0
1974,1
1975,0
1976,0
1977,1
1978,0
1979,0
1980,1
1981,1
1982,0
1983,1
1984,0
1985,0
1986,1
1987,1
1988,1
1989,1
1990,1
1991,1
1992,1
1993,0
1994,1
1995,0
1996,1
1997,1
1998,1
1999,1
2000,0
2001,0
2002,1
2003,0
2004,0
2005,0
2006,1
2007,0
2008,0
2009,1
2010,1
2011,1
2012,0
2013,0
2014,1
2015,1
2016,1
2017,1
2018,0
2019,1
2020,0
2021,0
2022,1
2023,0
2024,1
2025,0
2026,0
2027,1
2028,1
2029,1
2030,1
2031,0
2032,1
2033,1
2034,1
2035,0
2036,1
2037,0
2038,1
2039,1
2040,1
2041,0
2042,1
2043,1
2044,1
2045,1
2046,1
2047,1
2048,0
2049,0
2050,0
2051,1
2052,1
2053,0
2054,1
2055,1
2056,1
2057,1
2058,0
2059,1
2060,0
2061,1
2062,1
2063,1
2064,1
2065,0
2066,0
2067,0
2068,1
2069,1
2070,1
2071,1
2072,1
2073,0
2074,1
2075,1
2076,1
2077,1
2078,1
2079,1
2080,1
2081,0
2082,1
2083,1
2084,1
2085,0
2086,1
2087,1
2088,1
2089,1
2090,1
2091,1
2092,1
2093,0
2094,0
2095,1
2096,0
2097,0
2098,1
2099,1
2100,1
2101,1
2102,1
2103,0
2104,1
2105,0
2106,1
2107,1
2108,1
2109,1
2110,1
2111,0
2112,1
2113,0
2114,0
2115,0
2116,0
2117,0
2118,0
2119,1
2120,1
2121,0
2122,1
2123,1
2124,1
2125,1
2126,1
2127,0
2128,1
2129,1
2130,1
2131,1
2132,1
2133,1
2134,0
2135,1
2136,1
2137,1
2138,0
2139,0
2140,0
2141,1
2142,1
2143,1
2144,1
2145,0
2146,1
2147,1
2148,1
2149,1
2150,0
2151,1
2152,1
2153,1
2154,1
2155,1
2156,1
2157,0
2158,1
2159,1
2160,0
2161,1
2162,0
2163,1
2164,1
2165,1
2166,1
2167,1
2168,1
2169,0
2170,1
2171,0
2172,1
2173,1
2174,0
2175,1
2176,1
2177,0
2178,1
2179,1
2180,1
2181,1
2182,0
2183,1
2184,1
2185,1
2186,1
2187,1
2188,1
2189,1
2190,1
2191,1
2192,1
2193,0
2194,1
2195,1
2196,1
2197,1
2198,1
2199,0
2200,1
2201,0
2202,1
2203,1
2204,1
2205,0
2206,1
2207,1
2208,1
2209,1
2210,1
2211,0
2212,1
2213,1
2214,0
2215,0
2216,0
2217,1
2218,0
2219,0
2220,1
2221,1
2222,1
2223,0
2224,1
2225,1
2226,0
2227,1
2228,1
2229,1
2230,1
2231,1
2232,1
2233,1
2234,1
2235,0
2236,1
2237,1
2238,0
2239,1
2240,0
2241,1
2242,1
2243,0
2244,1
2245,1
2246,1
2247,1
2248,1
2249,0
2250,1
2251,1
2252,1
2253,0
2254,1
2255,0
2256,1
2257,1
2258,1
2259,0
2260,0
2261,1
2262,0
2263,1
2264,0
2265,1
2266,1
2267,1
2268,1
2269,1
2270,1
2271,1
2272,1
2273,0
2274,1
2275,1
2276,0
2277,1
2278,1
2279,1
2280,1
2281,0
2282,0
2283,1
2284,1
2285,1
2286,0
2287,1
2288,1
2289,1
2290,1
2291,0
2292,0
2293,0
2294,1
2295,0
2296,1
2297,1
2298,1
2299,0
2300,1
2301,1
2302,1
2303,1
2304,1
2305,1
2306,0
2307,1
2308,0
2309,0
2310,0
2311,1
2312,1
2313,0
2314,0
2315,1
2316,1
2317,0
2318,1
2319,0
2320,0
2321,1
2322,1
2323,1
2324,1
2325,1
2326,1
2327,0
2328,1
2329,0
2330,1
2331,1
2332,1
2333,0
2334,0
2335,1
2336,1
2337,0
2338,0
2339,1
2340,1
2341,1
2342,1
2343,0
2344,0
2345,0
2346,1
2347,0
2348,0
2349,1
2350,1
2351,1
2352,0
2353,1
2354,0
2355,1
2356,1
2357,0
2358,0
2359,1
2360,1
2361,1
2362,1
2363,0
2364,1
2365,1
2366,1
2367,1
2368,1
2369,1
2370,1
2371,0
2372,0
2373,0
2374,1
2375,1
2376,1
2377,1
2378,0
2379,0
2380,1
2381,1
2382,1
2383,0
2384,0
2385,0
2386,1
2387,0
2388,1
2389,0
2390,1
2391,1
2392,0
2393,1
2394,1
2395,1
2396,0
2397,0
2398,1
2399,1
2400,1
2401,1
2402,1
2403,1
2404,1
2405,1
2406,1
2407,0
2408,0
2409,1
2410,1
2411,1
2412,0
2413,1
2414,1
2415,0
2416,1
2417,1
2418,0
2419,0
2420,1
2421,0
2422,1
2423,1
2424,0
2425,0
2426,1
2427,1
2428,1
2429,0
2430,1
2431,1
2432,1
2433,1
2434,1
2435,1
2436,1
2437,1
2438,0
2439,1
2440,1
2441,1
2442,1
2443,0
2444,1
2445,0
2446,1
2447,0
2448,0
2449,1
2450,1
2451,1
2452,0
2453,0
2454,1
2455,0
2456,0
2457,0
2458,1
2459,0
2460,1
2461,0
2462,0
2463,1
2464,1
2465,0
2466,1
2467,1
2468,1
2469,0
2470,1
2471,0
2472,1
2473,1
2474,1
2475,0
2476,0
2477,1
2478,1
2479,0
2480,0
2481,1
2482,1
2483,1
2484,0
2485,1
2486,1
2487,1
2488,0
2489,1
2490,1
2491,1
2492,1
2493,1
2494,1
2495,1
2496,1
2497,0
2498,1
2499,1
2500,1
2501,1
2502,1
2503,0
2504,1
2505,0
2506,1
2507,1
2508,0
2509,1
2510,1
2511,1
2512,1
2513,1
2514,1
2515,1
2516,0
2517,1
2518,1
2519,1
2520,1
2521,1
2522,0
2523,1
2524,1
2525,1
2526,1
2527,0
2528,1
2529,0
2530,1
2531,1
2532,1
2533,1
2534,1
2535,0
2536,1
2537,1
2538,1
2539,1
2540,1
2541,1
2542,0
2543,0
2544,1
2545,0
2546,1
2547,1
2548,1
2549,0
2550,1
2551,0
2552,0
2553,0
2554,1
2555,0
2556,1
2557,1
2558,0
2559,1
2560,1
2561,1
2562,1
2563,0
2564,1
2565,1
2566,1
2567,1
2568,0
2569,1
2570,1
2571,0
2572,0
2573,0
2574,1
2575,0
2576,1
2577,1
2578,1
2579,1
2580,1
2581,1
2582,0
2583,0
2584,1
2585,1
2586,1
2587,0
2588,0
2589,1
2590,1
2591,1
2592,1
2593,0
2594,1
2595,1
2596,1
2597,1
2598,1
2599,1
2600,0
2601,1
2602,0
2603,1
2604,1
2605,1
2606,1
2607,1
2608,0
2609,1
2610,1
2611,1
2612,1
2613,1
2614,1
2615,1
2616,1
2617,1
2618,1
2619,0
2620,0
2621,0
2622,1
2623,1
2624,1
2625,1
2626,0
2627,1
2628,1
2629,0
2630,0
2631,1
2632,1
2633,1
2634,1
2635,1
2636,1
2637,1
2638,1
2639,1
2640,1
2641,1
2642,1
2643,1
2644,1
2645,1
2646,1
2647,0
2648,1
2649,1
2650,1
2651,0
2652,0
2653,0
2654,1
2655,1
2656,1
2657,0
2658,0
2659,1
2660,1
2661,1
2662,1
2663,1
2664,0
2665,0
2666,1
2667,0
2668,1
2669,1
2670,1
2671,0
2672,1
2673,0
2674,1
2675,1
2676,0
2677,0
2678,0
2679,1
2680,0
2681,1
2682,1
2683,0
2684,0
2685,1
2686,1
2687,1
2688,1
2689,1
2690,1
2691,1
2692,1
2693,1
2694,1
2695,1
2696,0
2697,1
2698,1
2699,1
2700,1
2701,0
2702,1
2703,1
2704,1
2705,1
2706,1
2707,1
2708,1
2709,1
2710,1
2711,1
2712,1
2713,1
2714,1
2715,1
2716,0
2717,1
2718,0
2719,1
2720,1
2721,1
2722,1
2723,1
2724,1
2725,1
2726,1
2727,0
2728,1
2729,0
2730,0
2731,0
2732,1
2733,1
2734,1
2735,0
2736,0
2737,0
2738,1
2739,1
2740,1
2741,1
2742,1
2743,0
2744,1
2745,1
2746,0
2747,0
2748,0
2749,0
2750,1
2751,1
2752,0
2753,0
2754,0
2755,1
2756,0
2757,1
2758,0
2759,0
2760,1
2761,0
2762,1
2763,1
2764,0
2765,0
2766,1
2767,0
2768,0
2769,1
2770,1
2771,1
2772,1
2773,1
2774,1
2775,1
2776,0
2777,0
2778,0
2779,1
2780,1
2781,0
2782,1
2783,0
2784,1
2785,1
2786,0
2787,1
2788,1
2789,1
2790,1
2791,1
2792,1
2793,0
2794,1
2795,1
2796,0
2797,1
2798,1
2799,0
2800,1
2801,1
2802,1
2803,0
2804,1
2805,1
2806,0
2807,1
2808,1
2809,1
2810,1
2811,1
2812,1
2813,1
2814,0
2815,1
2816,1
2817,0
2818,1
2819,1
2820,1
2821,1
2822,0
2823,1
2824,0
2825,1
2826,1
2827,1
2828,0
2829,1
2830,1
2831,0
2832,1
2833,1
2834,0
2835,1
2836,0
2837,0
2838,1
2839,1
2840,1
2841,1
2842,1
2843,1
2844,0
2845,1
2846,0
2847,1
2848,1
2849,1
2850,0
2851,1
2852,1
2853,1
2854,1
2855,1
2856,0
2857,1
2858,0
2859,0
2860,0
2861,0
2862,0
2863,1
2864,0
2865,1
2866,1
2867,1
2868,1
2869,0
2870,0
2871,1
2872,1
2873,0
2874,0
2875,1
2876,1
2877,1
2878,0
2879,1
2880,1
2881,1
2882,0
2883,1
2884,1
2885,0
2886,0
2887,0
2888,0
2889,1
2890,1
2891,1
2892,0
2893,1
2894,0
2895,1
2896,1
2897,1
2898,1
2899,1
2900,1
2901,1
2902,1
2903,1
2904,0
2905,1
2906,0
2907,1
2908,0
2909,1
2910,1
2911,0
2912,0
2913,1
2914,0
2915,1
2916,1
2917,0
2918,1
2919,1
2920,1
2921,0
2922,1
2923,1
2924,0
2925,0
2926,1
2927,0
2928,1
2929,0
2930,1
2931,0
2932,1
2933,1
2934,1
2935,1
2936,1
2937,1
2938,1
2939,1
2940,1
2941,1
2942,1
2943,1
2944,1
2945,1
2946,0
2947,1
2948,1
2949,1
2950,1
2951,0
2952,0
2953,1
2954,1
2955,0
2956,1
2957,1
2958,1
2959,1
2960,1
2961,0
2962,0
2963,1
2964,0
2965,1
2966,1
2967,0
2968,1
2969,1
2970,1
2971,0
2972,1
2973,1
2974,0
2975,1
2976,0
2977,0
2978,1
2979,1
2980,1
2981,0
2982,1
2983,1
2984,1
2985,0
2986,0
2987,1
2988,1
2989,1
2990,0
2991,1
2992,1
2993,1
2994,1
2995,0
2996,1
2997,0
2998,1
2999,1
3000,0
3001,1
3002,1
3003,1
3004,1
3005,1
3006,1
3007,1
3008,0
3009,0
3010,0
3011,1
3012,0
3013,0
3014,0
3015,0
3016,1
3017,1
3018,1
3019,0
3020,1
3021,1
3022,1
3023,1
3024,1
3025,1
3026,1
3027,0
3028,1
3029,0
3030,1
3031,1
3032,1
3033,0
3034,1
3035,1
3036,1
3037,1
3038,1
3039,1
3040,1
3041,1
3042,1
3043,1
3044,1
3045,1
3046,1
3047,0
3048,0
3049,1
3050,1
3051,0
3052,1
3053,1
3054,0
3055,0
3056,0
3057,1
3058,1
3059,0
3060,1
3061,1
3062,1
3063,1
3064,1
3065,1
3066,0
3067,1
3068,1
3069,0
3070,1
3071,1
3072,1
3073,1
3074,1
3075,1
3076,1
3077,0
3078,1
3079,1
3080,1
3081,1
3082,1
3083,1
3084,1
3085,0
3086,1
3087,1
3088,1
3089,1
3090,1
3091,1
3092,1
3093,1
3094,1
3095,1
3096,1
3097,1
3098,1
3099,0
3100,1
3101,1
3102,1
3103,1
3104,1
3105,0
3106,0
3107,1
3108,1
3109,0
3110,1
3111,0
3112,1
3113,1
3114,1
3115,0
3116,1
3117,1
3118,0
3119,0
3120,1
3121,1
3122,0
3123,1
3124,1
3125,0
3126,0
3127,1
3128,1
3129,1
3130,1
3131,1
3132,1
3133,0
3134,1
3135,1
3136,1
3137,1
3138,1
3139,0
3140,1
3141,1
3142,0
3143,1
3144,1
3145,0
3146,0
3147,1
3148,1
3149,1
3150,0
3151,0
3152,1
3153,1
3154,1
3155,1
3156,1
3157,1
3158,0
3159,0
3160,0
3161,0
3162,0
3163,1
3164,0
3165,1
3166,1
3167,1
3168,1
3169,0
3170,1
3171,0
3172,1
3173,1
3174,1
3175,1
3176,1
3177,0
3178,1
3179,0
3180,0
3181,0
3182,0
3183,0
3184,1
3185,1
3186,1
3187,0
3188,0
3189,1
3190,1
3191,0
3192,1
3193,0
3194,1
3195,0
3196,1
3197,1
3198,1
3199,1
3200,0
3201,1
3202,1
3203,0
3204,1
3205,1
3206,1
3207,1
3208,0
3209,1
3210,1
3211,1
3212,1
3213,0
3214,1
3215,1
3216,1
3217,1
3218,1
3219,0
3220,0
3221,1
3222,1
3223,0
3224,0
3225,0
3226,1
3227,0
3228,0
3229,1
3230,0
3231,1
3232,1
3233,1
3234,0
3235,0
3236,1
3237,1
3238,1
3239,1
3240,0
3241,1
3242,1
3243,1
3244,1
3245,1
3246,1
3247,1
3248,1
3249,1
3250,0
3251,1
3252,0
3253,1
3254,0
3255,0
3256,1
3257,1
3258,0
3259,1
3260,1
3261,1
3262,0
3263,1
3264,1
3265,1
3266,1
3267,1
3268,1
3269,1
3270,0
3271,1
3272,1
3273,1
3274,1
3275,1
3276,0
3277,1
3278,1
3279,0
3280,0
3281,1
3282,1
3283,1
3284,1
3285,0
3286,1
3287,1
3288,1
3289,1
3290,1
3291,0
3292,1
3293,1
3294,1
3295,1
3296,1
3297,0
3298,1
3299,1
3300,0
3301,1
3302,1
3303,1
3304,1
3305,1
3306,1
3307,1
3308,1
3309,1
3310,1
3311,1
3312,1
3313,1
3314,1
3315,1
3316,1
3317,1
3318,1
3319,1
3320,1
3321,1
3322,1
3323,0
3324,0
3325,1
3326,1
3327,1
3328,1
3329,1
3330,1
3331,1
3332,1
3333,1
3334,1
3335,1
3336,1
3337,1
3338,0
3339,1
3340,1
3341,0
3342,0
3343,0
3344,0
3345,1
3346,0
3347,0
3348,1
3349,1
3350,0
3351,0
3352,0
3353,1
3354,0
3355,1
3356,1
3357,0
3358,1
3359,1
3360,1
3361,1
3362,1
3363,0
3364,0
3365,1
3366,1
3367,1
3368,1
3369,1
3370,1
3371,0
3372,1
3373,1
3374,1
3375,1
3376,0
3377,0
3378,0
3379,1
3380,1
3381,1
3382,1
3383,0
3384,0
3385,1
3386,0
3387,1
3388,1
3389,0
3390,1
3391,0
3392,1
3393,0
3394,1
3395,0
3396,1
3397,1
3398,1
3399,1
3400,1
3401,0
3402,1
3403,1
3404,1
3405,0
3406,0
3407,1
3408,1
3409,1
3410,1
3411,1
3412,1
3413,1
3414,0
3415,0
3416,1
3417,1
3418,1
3419,1
3420,0
3421,1
3422,1
3423,0
3424,0
3425,1
3426,1
3427,1
3428,1
3429,0
3430,1
3431,0
3432,1
3433,0
3434,0
3435,1
3436,1
3437,0
3438,1
3439,1
3440,1
3441,1
3442,1
3443,1
3444,0
3445,1
3446,1
3447,0
3448,0
3449,1
3450,0
3451,0
3452,0
3453,1
3454,0
3455,1
3456,1
3457,1
3458,0
3459,0
3460,0
3461,1
3462,0
3463,1
3464,1
3465,0
3466,1
3467,1
3468,0
3469,1
3470,1
3471,1
3472,0
3473,1
3474,0
3475,1
3476,1
3477,0
3478,0
3479,0
3480,1
3481,0
3482,1
3483,1
3484,0
3485,0
3486,1
3487,1
3488,1
3489,1
3490,1
3491,1
3492,1
3493,0
3494,1
3495,1
3496,1
3497,1
3498,1
3499,0
3500,1
3501,1
3502,1
3503,1
3504,0
3505,1
3506,0
3507,1
3508,1
3509,1
3510,1
3511,1
3512,1
3513,1
3514,1
3515,0
3516,0
3517,0
3518,1
3519,0
3520,1
3521,0
3522,0
3523,0
3524,1
3525,1
3526,1
3527,0
3528,1
3529,1
3530,1
3531,1
3532,0
3533,1
3534,1
3535,1
3536,1
3537,1
3538,0
3539,1
3540,0
3541,1
3542,1
3543,1
3544,1
3545,1
3546,1
3547,1
3548,1
3549,1
3550,0
3551,0
3552,1
3553,1
3554,0
3555,0
3556,0
3557,1
3558,0
3559,1
3560,1
3561,1
3562,1
3563,0
3564,0
3565,1
3566,1
3567,0
3568,1
3569,1
3570,1
3571,0
3572,0
3573,1
3574,0
3575,1
3576,1
3577,1
3578,1
3579,0
3580,0
3581,0
3582,1
3583,1
3584,0
3585,1
3586,0
3587,1
3588,1
3589,1
3590,1
3591,1
3592,1
3593,1
3594,0
3595,1
3596,1
3597,1
3598,1
3599,1
3600,0
3601,0
3602,1
3603,1
3604,1
3605,1
3606,1
3607,0
3608,1
3609,1
3610,1
3611,0
3612,1
3613,1
3614,1
3615,1
3616,1
3617,1
3618,0
3619,0
3620,1
3621,1
3622,1
3623,1
3624,0
3625,1
3626,0
3627,1
3628,0
3629,1
3630,1
3631,0
3632,1
3633,1
3634,0
3635,1
3636,1
3637,1
3638,1
3639,1
3640,0
3641,1
3642,1
3643,1
3644,0
3645,1
3646,1
3647,1
3648,1
3649,1
3650,0
3651,1
3652,0
3653,1
3654,0
3655,1
3656,0
3657,1
3658,0
3659,1
3660,1
3661,1
3662,1
3663,1
3664,1
3665,1
3666,1
3667,0
3668,1
3669,0
3670,0
3671,1
3672,0
3673,0
3674,1
3675,1
3676,1
3677,1
3678,1
3679,1
3680,1
3681,1
3682,0
3683,1
3684,1
3685,0
3686,0
3687,1
3688,0
3689,1
3690,0
3691,1
3692,1
3693,1
3694,1
3695,1
3696,1
3697,1
3698,1
3699,0
3700,1
3701,0
3702,1
3703,1
3704,1
3705,0
3706,0
3707,0
3708,0
3709,1
3710,1
3711,0
3712,0
3713,0
3714,0
3715,1
3716,1
3717,1
3718,1
3719,0
3720,1
3721,1
3722,1
3723,1
3724,0
3725,0
3726,1
3727,0
3728,1
3729,1
3730,0
3731,0
3732,1
3733,0
3734,1
3735,1
3736,1
3737,0
3738,0
3739,1
3740,0
3741,1
3742,0
3743,0
3744,0
3745,1
3746,1
3747,0
3748,1
3749,1
3750,0
3751,1
3752,1
3753,1
3754,1
3755,0
3756,1
3757,1
3758,0
3759,1
3760,1
3761,1
3762,0
3763,0
3764,0
3765,1
3766,1
3767,1
3768,1
3769,1
3770,0
3771,0
3772,1
3773,1
3774,0
3775,1
3776,1
3777,0
3778,1
3779,1
3780,1
3781,1
3782,0
3783,1
3784,1
3785,1
3786,1
3787,0
3788,1
3789,1
3790,0
3791,0
3792,1
3793,1
3794,1
3795,1
3796,1
3797,1
3798,1
3799,1
3800,0
3801,1
3802,1
3803,1
3804,1
3805,0
3806,0
3807,0
3808,1
3809,0
3810,1
3811,1
3812,1
3813,1
3814,0
3815,1
3816,0
3817,1
3818,1
3819,1
3820,1
3821,0
3822,0
3823,1
3824,1
3825,1
3826,1
3827,0
3828,1
3829,1
3830,1
3831,1
3832,1
3833,0
3834,0
3835,1
3836,1
3837,1
3838,0
3839,0
3840,1
3841,1
3842,1
3843,1
3844,0
3845,1
3846,1
3847,0
3848,1
3849,0
3850,1
3851,1
3852,1
3853,1
3854,0
3855,1
3856,1
3857,0
3858,0
3859,1
3860,0
3861,1
3862,0
3863,1
3864,0
3865,1
3866,0
3867,1
3868,1
3869,1
3870,0
3871,1
3872,0
3873,1
3874,0
3875,0
3876,0
3877,1
3878,0
3879,0
3880,1
3881,1
3882,1
3883,0
3884,1
3885,0
3886,1
3887,1
3888,1
3889,1
3890,1
3891,0
3892,1
3893,1
3894,1
3895,1
3896,1
3897,1
3898,1
3899,1
3900,1
3901,1
3902,1
3903,1
3904,1
3905,1
3906,1
3907,1
3908,1
3909,0
3910,0
3911,1
3912,0
3913,0
3914,0
3915,0
3916,1
3917,1
3918,1
3919,1
3920,0
3921,1
3922,1
3923,1
3924,1
3925,1
3926,0
3927,1
3928,1
3929,1
3930,1
3931,1
3932,1
3933,1
3934,1
3935,1
3936,0
3937,1
3938,1
3939,1
3940,1
3941,1
3942,1
3943,0
3944,1
3945,1
3946,0
3947,0
3948,1
3949,0
3950,0
3951,0
3952,1
3953,0
3954,1
3955,0
3956,1
3957,1
3958,0
3959,1
3960,1
3961,1
3962,1
3963,1
3964,0
3965,1
3966,1
3967,0
3968,1
3969,0
3970,1
3971,1
3972,0
3973,1
3974,0
3975,1
3976,0
3977,1
3978,0
3979,1
3980,1
3981,1
3982,1
3983,1
3984,1
3985,1
3986,1
3987,1
3988,1
3989,1
3990,1
3991,1
3992,1
3993,0
3994,1
3995,0
3996,1
3997,1
3998,1
3999,0
4000,1
4001,0
4002,1
4003,0
4004,1
4005,0
4006,1
4007,1
4008,1
4009,1
4010,1
4011,1
4012,1
4013,1
4014,1
4015,1
4016,0
4017,1
4018,1
4019,0
4020,1
4021,1
4022,1
4023,1
4024,1
4025,0
4026,0
4027,1
4028,1
4029,1
4030,0
4031,1
4032,0
4033,1
4034,1
4035,1
4036,1
4037,1
4038,1
4039,1
4040,0
4041,1
4042,0
4043,0
4044,0
4045,1
4046,0
4047,1
4048,0
4049,0
4050,1
4051,1
4052,0
4053,1
4054,0
4055,1
4056,1
4057,0
4058,0
4059,1
4060,1
4061,1
4062,1
4063,1
4064,1
4065,0
4066,1
4067,1
4068,1
4069,0
4070,0
4071,1
4072,1
4073,1
4074,0
4075,0
4076,1
4077,0
4078,1
4079,0
4080,0
4081,0
4082,1
4083,1
4084,0
4085,1
4086,1
4087,1
4088,1
4089,1
4090,1
4091,0
4092,1
4093,1
4094,1
4095,0
4096,1
4097,0
4098,1
4099,0
4100,1
4101,0
4102,1
4103,0
4104,1
4105,1
4106,1
4107,1
4108,0
4109,1
4110,0
4111,0
4112,1
4113,0
4114,1
4115,1
4116,0
4117,1
4118,1
4119,0
4120,0
4121,0
4122,1
4123,0
4124,1
4125,1
4126,0
4127,0
4128,0
4129,0
4130,1
4131,1
4132,1
4133,0
4134,1
4135,0
4136,1
4137,1
4138,1
4139,1
4140,1
4141,1
4142,1
4143,1
4144,1
4145,1
4146,1
4147,1
4148,1
4149,1
4150,1
4151,0
4152,0
4153,1
4154,1
4155,1
4156,1
4157,1
4158,1
4159,1
4160,0
4161,1
4162,1
4163,1
4164,1
4165,0
4166,0
4167,0
4168,1
4169,1
4170,1
4171,1
4172,1
4173,1
4174,0
4175,1
4176,0
4177,0
4178,0
4179,1
4180,1
4181,1
4182,1
4183,1
4184,1
4185,1
4186,1
4187,1
4188,0
4189,0
4190,1
4191,1
4192,0
4193,0
4194,1
4195,1
4196,0
4197,1
4198,1
4199,0
4200,1
4201,1
4202,0
4203,0
4204,1
4205,0
4206,0
4207,0
4208,0
4209,0
4210,1
4211,0
4212,0
4213,0
4214,0
4215,0
4216,1
4217,1
4218,1
4219,1
4220,1
4221,0
4222,1
4223,0
4224,1
4225,1
4226,0
4227,1
4228,1
4229,1
4230,1
4231,1
4232,1
4233,1
4234,1
4235,1
4236,0
4237,1
4238,0
4239,1
4240,1
4241,1
4242,1
4243,1
4244,1
4245,0
4246,1
4247,1
4248,1
4249,1
4250,0
4251,1
4252,0
4253,0
4254,0
4255,0
4256,1
4257,1
4258,0
4259,0
4260,1
4261,1
4262,1
4263,1
4264,1
4265,1
4266,0
4267,0
4268,1
4269,0
4270,1
4271,0
4272,1
4273,0
4274,1
4275,1
4276,1
4277,1
4278,0
4279,0
4280,0
4281,0
4282,1
4283,1
4284,0
4285,0
4286,1
4287,1
4288,1
4289,1
4290,1
4291,1
4292,1
4293,1
4294,1
4295,1
4296,1
4297,1
4298,1
4299,1
4300,1
4301,1
4302,1
4303,0
4304,0
4305,1
4306,0
4307,1
4308,1
4309,1
4310,0
4311,0
4312,1
4313,1
4314,1
4315,0
4316,0
4317,1
4318,1
4319,0
4320,0
4321,1
4322,0
4323,0
4324,1
4325,1
4326,0
4327,1
4328,1
4329,1
4330,0
4331,0
4332,0
4333,1
4334,1
4335,0
4336,1
4337,0
4338,1
4339,1
4340,1
4341,1
4342,1
4343,1
4344,0
4345,1
4346,1
4347,0
4348,1
4349,0
4350,0
4351,1
4352,1
4353,0
4354,1
4355,0
4356,0
4357,1
4358,1
4359,1
4360,0
4361,1
4362,0
4363,0
4364,1
4365,0
4366,1
4367,0
4368,1
4369,1
4370,1
4371,1
4372,1
4373,0
4374,1
4375,1
4376,1
4377,1
4378,1
4379,1
4380,1
4381,0
4382,0
4383,0
4384,0
4385,1
4386,1
4387,0
4388,0
4389,0
4390,1
4391,1
4392,1
4393,0
4394,0
4395,0
4396,1
4397,0
4398,1
4399,0
4400,1
4401,1
4402,1
4403,1
4404,1
4405,1
4406,1
4407,1
4408,1
4409,0
4410,1
4411,0
4412,1
4413,0
4414,1
4415,1
4416,0
4417,0
4418,0
4419,1
4420,1
4421,1
4422,1
4423,1
4424,1
4425,0
4426,0
4427,1
4428,1
4429,1
4430,0
4431,1
4432,1
4433,1
4434,0
4435,0
4436,1
4437,1
4438,1
4439,1
4440,1
4441,0
4442,0
4443,0
4444,1
4445,0
4446,0
4447,1
4448,1
4449,1
4450,1
4451,1
4452,1
4453,1
4454,1
4455,0
4456,0
4457,0
4458,1
4459,1
4460,1
4461,1
4462,1
4463,1
4464,0
4465,1
4466,1
4467,0
4468,1
4469,0
4470,1
4471,1
4472,1
4473,0
4474,0
4475,1
4476,1
4477,0
4478,1
4479,0
4480,1
4481,1
4482,1
4483,1
4484,1
4485,0
4486,1
4487,1
4488,1
4489,1
4490,0
4491,0
4492,1
4493,1
4494,0
4495,1
4496,1
4497,1
4498,1
4499,1
4500,1
4501,1
4502,1
4503,1
4504,1
4505,1
4506,1
4507,0
4508,1
4509,0
4510,1
4511,0
4512,0
4513,0
4514,0
4515,0
4516,0
4517,0
4518,1
4519,0
4520,1
4521,0
4522,0
4523,1
4524,1
4525,0
4526,1
4527,1
4528,1
4529,1
4530,1
4531,1
4532,0
4533,1
4534,0
4535,0
4536,0
4537,1
4538,1
4539,1
4540,0
4541,0
4542,1
4543,0
4544,1
4545,0
4546,1
4547,1
4548,1
4549,0
4550,1
4551,1
4552,1
4553,1
4554,0
4555,1
4556,1
4557,0
4558,1
4559,1
4560,0
4561,0
4562,1
4563,1
4564,0
4565,0
4566,0
4567,1
4568,0
4569,1
4570,0
4571,0
4572,1
4573,1
4574,1
4575,0
4576,1
4577,1
4578,1
4579,1
4580,1
4581,1
4582,0
4583,0
4584,0
4585,1
4586,1
4587,0
4588,1
4589,1
4590,1
4591,0
4592,1
4593,1
4594,1
4595,1
4596,1
4597,0
4598,0
4599,1
4600,0
4601,1
4602,1
4603,0
4604,1
4605,1
4606,1
4607,0
4608,1
4609,1
4610,1
4611,0
4612,1
4613,1
4614,1
4615,1
4616,1
4617,0
4618,1
4619,1
4620,1
4621,0
4622,0
4623,1
4624,1
4625,1
4626,0
4627,1
4628,0
4629,1
4630,0
4631,1
4632,0
4633,0
4634,1
4635,0
4636,1
4637,0
4638,0
4639,1
4640,0
4641,0
4642,0
4643,1
4644,1
4645,1
4646,0
4647,1
4648,1
4649,1
4650,0
4651,1
4652,1
4653,1
4654,1
4655,1
4656,0
4657,1
4658,1
4659,0
4660,1
4661,1
4662,0
4663,1
4664,1
4665,1
4666,0
4667,0
4668,1
4669,0
4670,1
4671,1
4672,0
4673,0
4674,0
4675,1
4676,0
4677,1
4678,1
4679,1
4680,0
4681,0
4682,1
4683,0
4684,1
4685,1
4686,1
4687,1
4688,1
4689,0
4690,1
4691,1
4692,1
4693,1
4694,0
4695,1
4696,1
4697,1
4698,1
4699,0
4700,1
4701,0
4702,1
4703,0
4704,1
4705,1
4706,1
4707,1
4708,1
4709,0
4710,1
4711,1
4712,1
4713,1
4714,1
4715,1
4716,0
4717,1
4718,1
4719,0
4720,1
4721,0
4722,1
4723,1
4724,1
4725,1
4726,1
4727,1
4728,1
4729,1
4730,1
4731,1
4732,0
4733,1
4734,1
4735,1
4736,1
4737,1
4738,1
4739,1
4740,1
4741,1
4742,1
4743,1
4744,0
4745,1
4746,0
4747,0
4748,1
4749,1
4750,1
4751,0
4752,1
4753,1
4754,0
4755,1
4756,1
4757,0
4758,0
4759,1
4760,0
4761,1
4762,1
4763,1
4764,1
4765,0
4766,0
4767,0
4768,1
4769,1
4770,1
4771,1
4772,1
4773,0
4774,1
4775,0
4776,0
4777,0
4778,1
4779,0
4780,0
4781,1
4782,0
4783,1
4784,0
4785,1
4786,1
4787,1
4788,1
4789,1
4790,1
4791,1
4792,0
4793,0
4794,1
4795,0
4796,1
4797,0
4798,1
4799,0
4800,0
4801,1
4802,0
4803,0
4804,0
4805,0
4806,1
4807,0
4808,1
4809,1
4810,1
4811,1
4812,1
4813,1
4814,1
4815,1
4816,1
4817,1
4818,0
4819,1
4820,0
4821,1
4822,0
4823,1
4824,1
4825,1
4826,1
4827,1
4828,0
4829,0
4830,1
4831,0
4832,1
4833,1
4834,1
4835,1
4836,1
4837,0
4838,1
4839,0
4840,1
4841,0
4842,0
4843,1
4844,1
4845,1
4846,1
4847,1
4848,1
4849,1
4850,1
4851,0
4852,1
4853,0
4854,1
4855,1
4856,1
4857,0
4858,1
4859,1
4860,1
4861,0
4862,0
4863,0
4864,1
4865,1
4866,1
4867,0
4868,1
4869,1
4870,1
4871,0
4872,0
4873,0
4874,1
4875,1
4876,0
4877,0
4878,1
4879,0
4880,1
4881,0
4882,1
4883,1
4884,1
4885,1
4886,0
4887,1
4888,0
4889,1
4890,1
4891,0
4892,1
4893,1
4894,1
4895,1
4896,1
4897,1
4898,0
4899,0
4900,1
4901,1
4902,1
4903,0
4904,0
4905,1
4906,1
4907,1
4908,1
4909,1
4910,0
4911,0
4912,0
4913,1
4914,1
4915,1
4916,1
4917,1
4918,0
4919,1
4920,1
4921,0
4922,1
4923,1
4924,1
4925,1
4926,1
4927,1
4928,1
4929,1
4930,1
4931,0
4932,1
4933,0
4934,0
4935,1
4936,0
4937,1
4938,0
4939,1
4940,0
4941,0
4942,1
4943,0
4944,1
4945,1
4946,1
4947,1
4948,1
4949,1
4950,1
4951,0
4952,0
4953,1
4954,1
4955,0
4956,1
4957,0
4958,1
4959,0
4960,1
4961,1
4962,0
4963,1
4964,1
4965,1
4966,0
4967,1
4968,0
4969,1
4970,1
4971,1
4972,1
4973,1
4974,1
4975,1
4976,1
4977,1
4978,0
4979,0
4980,0
4981,1
4982,0
4983,1
4984,1
4985,0
4986,0
4987,1
4988,1
4989,1
4990,0
4991,1
4992,1
4993,1
4994,0
4995,1
4996,0
4997,1
4998,0
4999,1
5000,1
5001,1
5002,0
5003,1
5004,1
5005,1
5006,1
5007,1
5008,0
5009,1
5010,1
5011,0
5012,1
5013,0
5014,0
5015,1
5016,1
5017,0
5018,0
5019,1
5020,1
5021,0
5022,1
5023,1
5024,1
5025,1
5026,0
5027,1
5028,1
5029,0
5030,0
5031,1
5032,1
5033,0
5034,1
5035,0
5036,0
5037,1
5038,1
5039,1
5040,0
5041,0
5042,0
5043,1
5044,0
5045,1
5046,1
5047,1
5048,1
5049,1
5050,1
5051,0
5052,1
5053,1
5054,1
5055,1
5056,1
5057,0
5058,0
5059,1
5060,1
5061,0
5062,1
5063,1
5064,1
5065,1
5066,0
5067,0
5068,1
5069,1
5070,0
5071,1
5072,1
5073,1
5074,0
5075,0
5076,0
5077,1
5078,1
5079,1
5080,1
5081,1
5082,1
5083,1
5084,0
5085,1
5086,0
5087,1
5088,0
5089,1
5090,0
5091,1
5092,1
5093,1
5094,0
5095,0
5096,0
5097,1
5098,1
5099,1
5100,1
5101,1
5102,1
5103,1
5104,0
5105,1
5106,0
5107,0
5108,1
5109,1
5110,1
5111,1
5112,0
5113,1
5114,1
5115,1
5116,1
5117,0
5118,1
5119,1
5120,0
5121,1
5122,0
5123,1
5124,1
5125,1
5126,1
5127,1
5128,1
5129,1
5130,1
5131,1
5132,1
5133,1
5134,1
5135,1
5136,1
5137,1
5138,1
5139,1
5140,0
5141,1
5142,1
5143,1
5144,0
5145,1
5146,0
5147,1
5148,0
5149,0
5150,1
5151,1
5152,1
5153,1
5154,1
5155,1
5156,0
5157,1
5158,1
5159,1
5160,1
5161,1
5162,1
5163,1
5164,1
5165,1
5166,1
5167,1
5168,0
5169,1
5170,1
5171,0
5172,0
5173,1
5174,1
5175,0
5176,1
5177,1
5178,0
5179,1
5180,1
5181,1
5182,0
5183,1
5184,1
5185,1
5186,1
5187,1
5188,1
5189,1
5190,1
5191,1
5192,0
5193,1
5194,1
5195,0
5196,0
5197,1
5198,1
5199,1
5200,1
5201,1
5202,0
5203,0
5204,1
5205,0
5206,1
5207,1
5208,1
5209,0
5210,1
5211,1
5212,1
5213,0
5214,1
5215,1
5216,0
5217,1
5218,0
5219,1
5220,1
5221,1
5222,1
5223,1
5224,1
5225,0
5226,1
5227,1
5228,0
5229,1
5230,1
5231,1
5232,0
5233,1
5234,0
5235,0
5236,1
5237,0
5238,1
5239,0
5240,1
5241,1
5242,0
5243,0
5244,1
5245,1
5246,0
5247,1
5248,1
5249,1
5250,1
5251,1
5252,0
5253,1
5254,1
5255,0
5256,1
5257,1
5258,1
5259,1
5260,1
5261,1
5262,1
5263,1
5264,0
5265,0
5266,1
5267,1
5268,1
5269,1
5270,0
5271,1
5272,1
5273,0
5274,1
5275,0
5276,0
5277,1
5278,1
5279,1
5280,1
5281,1
5282,0
5283,0
5284,1
5285,1
5286,0
5287,1
5288,0
5289,1
5290,1
5291,0
5292,1
5293,0
5294,1
5295,0
5296,0
5297,0
5298,1
5299,1
5300,1
5301,0
5302,1
5303,1
5304,1
5305,1
5306,1
5307,1
5308,1
5309,1
5310,0
5311,1
5312,1
5313,1
5314,1
5315,0
5316,1
5317,1
5318,0
5319,1
5320,0
5321,0
5322,1
5323,1
5324,1
5325,1
5326,1
5327,0
5328,1
5329,0
5330,0
5331,0
5332,1
5333,0
5334,1
5335,0
5336,0
5337,1
5338,1
5339,0
5340,1
5341,1
5342,1
5343,1
5344,1
5345,0
5346,1
5347,0
5348,0
5349,0
5350,1
5351,0
5352,1
5353,0
5354,1
5355,0
5356,1
5357,1
5358,1
5359,1
5360,1
5361,1
5362,1
5363,1
5364,1
5365,1
5366,1
5367,1
5368,1
5369,1
5370,1
5371,0
5372,0
5373,1
5374,1
5375,1
5376,1
5377,0
5378,1
5379,0
5380,1
5381,1
5382,1
5383,1
5384,1
5385,1
5386,1
5387,1
5388,1
5389,0
5390,1
5391,1
5392,1
5393,1
5394,0
5395,1
5396,1
5397,1
5398,1
5399,1
5400,0
5401,1
5402,1
5403,1
5404,0
5405,1
5406,1
5407,1
5408,1
5409,1
5410,0
5411,1
5412,1
5413,0
5414,1
5415,1
5416,1
5417,1
5418,0
5419,1
5420,0
5421,1
5422,1
5423,1
5424,0
5425,1
5426,1
5427,1
5428,1
5429,0
5430,0
5431,0
5432,0
5433,0
5434,1
5435,1
5436,1
5437,1
5438,0
5439,0
5440,0
5441,1
5442,1
5443,1
5444,0
5445,0
5446,1
5447,1
5448,1
5449,1
5450,1
5451,1
5452,1
5453,1
5454,1
5455,1
5456,1
5457,1
5458,1
5459,1
5460,1
5461,1
5462,1
5463,0
5464,0
5465,0
5466,1
5467,0
5468,1
5469,0
5470,0
5471,1
5472,1
5473,1
5474,1
5475,1
5476,1
5477,0
5478,0
5479,0
5480,1
5481,1
5482,1
5483,1
5484,0
5485,1
5486,1
5487,0
5488,1
5489,1
5490,1
5491,0
5492,1
5493,1
5494,0
5495,1
5496,0
5497,1
5498,0
5499,1
5500,0
5501,1
5502,1
5503,1
5504,1
5505,1
5506,1
5507,0
5508,1
5509,1
5510,1
5511,1
5512,1
5513,0
5514,1
5515,1
5516,0
5517,1
5518,1
5519,0
5520,1
5521,1
5522,0
5523,1
5524,1
5525,1
5526,1
5527,1
5528,0
5529,1
5530,1
5531,1
5532,0
5533,1
5534,1
5535,0
5536,0
5537,1
5538,1
5539,1
5540,1
5541,1
5542,1
5543,0
5544,0
5545,1
5546,0
5547,0
5548,1
5549,0
5550,1
5551,1
5552,1
5553,1
5554,0
5555,0
5556,1
5557,1
5558,1
5559,1
5560,0
5561,1
5562,0
5563,0
5564,0
5565,1
5566,0
5567,0
5568,1
5569,1
5570,1
5571,1
5572,0
5573,1
5574,1
5575,0
5576,0
5577,0
5578,1
5579,1
5580,1
5581,1
5582,1
5583,0
5584,0
5585,1
5586,0
5587,1
5588,0
5589,1
5590,1
5591,0
5592,1
5593,1
5594,1
5595,1
5596,0
5597,1
5598,1
5599,1
5600,1
5601,1
5602,1
5603,1
5604,1
5605,0
5606,1
5607,1
5608,1
5609,1
5610,0
5611,1
5612,1
5613,1
5614,1
5615,1
5616,1
5617,0
5618,1
5619,0
5620,0
5621,0
5622,1
5623,1
5624,1
5625,1
5626,1
5627,0
5628,1
5629,0
5630,1
5631,0
5632,1
5633,0
5634,0
5635,1
5636,0
5637,0
5638,1
5639,1
5640,0
5641,0
5642,1
5643,0
5644,1
5645,1
5646,1
5647,0
5648,0
5649,0
5650,1
5651,1
5652,1
5653,1
5654,0
5655,0
5656,1
5657,0
5658,0
5659,1
5660,1
5661,1
5662,0
5663,1
5664,0
5665,1
5666,1
5667,1
5668,0
5669,1
5670,0
5671,1
5672,1
5673,1
5674,0
5675,0
5676,0
5677,1
5678,1
5679,1
5680,1
5681,1
5682,1
5683,0
5684,1
5685,0
5686,0
5687,1
5688,0
5689,1
5690,0
5691,1
5692,1
5693,1
5694,0
5695,0
5696,1
5697,1
5698,0
5699,0
5700,0
5701,1
5702,1
5703,1
5704,0
5705,1
5706,1
5707,0
5708,1
5709,1
5710,1
5711,1
5712,1
5713,1
5714,1
5715,1
5716,1
5717,1
5718,1
5719,1
5720,1
5721,0
5722,0
5723,0
5724,0
5725,0
5726,1
5727,0
5728,0
5729,1
5730,1
5731,1
5732,1
5733,1
5734,0
5735,1
5736,0
5737,1
5738,0
5739,0
5740,1
5741,1
5742,0
5743,1
5744,1
5745,1
5746,0
5747,1
5748,0
5749,1
5750,0
5751,0
5752,1
5753,0
5754,1
5755,0
5756,1
5757,1
5758,0
5759,1
5760,1
5761,0
5762,1
5763,0
5764,1
5765,1
5766,1
5767,1
5768,1
5769,1
5770,1
5771,1
5772,1
5773,1
5774,0
5775,1
5776,0
5777,1
5778,1
5779,0
5780,1
5781,1
5782,1
5783,1
5784,1
5785,0
5786,0
5787,1
5788,1
5789,0
5790,0
5791,1
5792,1
5793,1
5794,0
5795,0
5796,1
5797,1
5798,0
5799,1
5800,1
5801,0
5802,0
5803,0
5804,1
5805,1
5806,1
5807,1
5808,0
5809,1
5810,1
5811,1
5812,1
5813,1
5814,1
5815,1
5816,1
5817,1
5818,1
5819,0
5820,1
5821,1
5822,0
5823,1
5824,1
5825,0
5826,0
5827,1
5828,1
5829,1
5830,0
5831,1
5832,1
5833,0
5834,1
5835,1
5836,1
5837,0
5838,1
5839,1
5840,1
5841,1
5842,1
5843,1
5844,1
5845,1
5846,1
5847,1
5848,1
5849,1
5850,1
5851,1
5852,0
5853,1
5854,1
5855,0
5856,1
5857,1
5858,0
5859,1
5860,1
5861,1
5862,1
5863,1
5864,0
5865,1
5866,1
5867,1
5868,1
5869,1
5870,1
5871,0
5872,0
5873,1
5874,0
5875,1
5876,1
5877,1
5878,0
5879,1
5880,0
5881,1
5882,1
5883,1
5884,1
5885,1
5886,1
5887,1
5888,1
5889,1
5890,1
5891,0
5892,1
5893,1
5894,1
5895,1
5896,0
5897,1
5898,0
5899,1
5900,0
5901,0
5902,1
5903,0
5904,1
5905,1
5906,1
5907,0
5908,1
5909,1
5910,1
5911,0
5912,0
5913,0
5914,1
5915,1
5916,0
5917,0
5918,0
5919,1
5920,0
5921,1
5922,1
5923,1
5924,0
5925,1
5926,0
5927,0
5928,1
5929,0
5930,1
5931,1
5932,0
5933,1
5934,1
5935,0
5936,0
5937,1
5938,0
5939,1
5940,0
5941,1
5942,1
5943,1
5944,0
5945,1
5946,1
5947,0
5948,0
5949,0
5950,1
5951,1
5952,1
5953,1
5954,1
5955,1
5956,0
5957,1
5958,1
5959,1
5960,1
5961,0
5962,1
5963,1
5964,1
5965,1
5966,1
5967,1
5968,1
5969,0
5970,1
5971,1
5972,1
5973,1
5974,1
5975,0
5976,1
5977,1
5978,0
5979,1
5980,0
5981,1
5982,1
5983,0
5984,1
5985,1
5986,0
5987,1
5988,1
5989,0
5990,1
5991,1
5992,0
5993,1
5994,0
5995,1
5996,1
5997,1
5998,1
5999,1
6000,1
6001,1
6002,0
6003,1
6004,1
6005,1
6006,1
6007,1
6008,1
6009,1
6010,1
6011,0
6012,1
6013,0
6014,1
6015,1
6016,0
6017,1
6018,1
6019,1
6020,0
6021,0
6022,0
6023,1
6024,0
6025,1
6026,1
6027,1
6028,1
6029,1
6030,0
6031,1
6032,0
6033,1
6034,1
6035,1
6036,1
6037,1
6038,0
6039,1
6040,1
6041,1
6042,1
6043,1
6044,1
6045,1
6046,1
6047,1
6048,1
6049,0
6050,1
6051,1
6052,1
6053,1
6054,0
6055,0
6056,1
6057,1
6058,1
6059,1
6060,1
6061,1
6062,1
6063,0
6064,1
6065,1
6066,1
6067,1
6068,0
6069,1
6070,1
6071,0
6072,1
6073,0
6074,0
6075,1
6076,1
6077,0
6078,1
6079,1
6080,1
6081,1
6082,1
6083,1
6084,0
6085,0
6086,1
6087,1
6088,1
6089,1
6090,1
6091,0
6092,1
6093,1
6094,1
6095,0
6096,1
6097,1
6098,1
6099,0
6100,1
6101,0
6102,1
6103,0
6104,1
6105,0
6106,1
6107,0
6108,1
6109,0
6110,1
6111,1
6112,1
6113,1
6114,1
6115,1
6116,1
6117,1
6118,1
6119,0
6120,1
6121,0
6122,0
6123,0
6124,0
6125,1
6126,1
6127,1
6128,0
6129,0
6130,1
6131,1
6132,1
6133,1
6134,1
6135,1
6136,1
6137,1
6138,1
6139,1
6140,1
6141,1
6142,0
6143,1
6144,0
6145,0
6146,1
6147,1
6148,1
6149,1
6150,1
6151,1
6152,1
6153,1
6154,1
6155,1
6156,1
6157,0
6158,1
6159,1
6160,1
6161,0
6162,1
6163,1
6164,1
6165,0
6166,1
6167,1
6168,0
6169,1
6170,1
6171,0
6172,1
6173,1
6174,0
6175,1
6176,1
6177,0
6178,1
6179,1
6180,1
6181,1
6182,1
6183,0
6184,1
